candidate_id,mp_name,party,n_holdings,total_declared_cr,kind,sample_holdings
5106,DR CHANDRA SEKHAR PEMMASANI,TDP,36,5350.8238,foreign_holdings,"JPM chase Investment Joint with spouse 50% | RxPrep Inc, USA | Themis Bar Review LLC USA"
5118,PRABHAKAR REDDY VEMIREDDY,TDP,11,356.4397,private_company_shares,"NDR Invit Trust-30479005 share | Investment in other shares 45516 shares | VPR Mining Infrastructure Pvt. Ltd, Hyderabad-2820"
2651,H.D. KUMARASWAMY,Janata Dal (Secular),4,68.7357,private_company_shares,Janatha Seva Co-op Bank - 30 Shares | Janatha Seva Co-op Bank 30 Shares | Kasthuri Medias Pvt Ltd (6872560 Shares)
3393,DR. PRABHA MALLIKARJUN,INC,7,57.1308,private_company_shares,Shares in BCCB | Shares in PKCSS | Shares in DSCL
6657,BALASHOWRY VALLABHANENI,Janasena Party,12,54.0949,private_company_shares,"Anudeep Carbonates (P) Ltd., Bhadravathi | Balabhanu Enterprises (P) Ltd, Hyderabad | Kinteta Global Ltd, Hyderabad"
5105,PUTTA MAHESH KUMAR,TDP,2,45.574,bonds_debentures,Investment In Soverign Gold Bond | Investment In Market Share
8951,HARSIMRAT KAUR BADAL,SAD,3,38.2625,aggregate_shares_unspecified,(unspecified shares - aggregate) | (unspecified shares - aggregate) | (unspecified shares - aggregate)
3797,RAMESH JIGAJINAGI,BJP,7,20.1617,private_company_shares,Hampi Haritage Vineyard | Jiginigi Jagathapa Solar Power Pvt ltd | Jiginigi Jagathapa Solar Energy Pvt Ltd
5241,DR.MALLU RAVI,INC,5,18.6869,private_company_shares,Share in M/s Rahul Agencies having Capital | Share inM/s Cardamom Estates LLP | Share in M/s Aldora Estates LLP
5294,KUNDURU RAGHUVEER,INC,9,16.0675,private_company_shares,Equity Shares Astha Green Energy Ventures India Pv | Equity Shares Aarathi Energy Ventures Pvt Ltd 2610 | Equity Shares Accelerate Automotives Pvt Ltd 15000
5123,P V MIDHUN REDDY,YSRCP,7,14.1188,unmatched_equity_or_generic,Share in Shiva Shakti Dairy | PLR Project Private Limited | Ananda Nilayam hotels Private Limited
533,S JAGATHRATCHAKAN,DMK,12,12.7747,unmatched_equity_or_generic,Teyro Labs Private Ltd | Chiprime Semiconductor Private Ltd | Jasan Infra Private Limited
7090,SURESH GOPINATH MHATRE ALIAS BALYA MAMA,Nationalist Congress Party – Sharadchandra Pawar,16,12.3355,private_company_shares,G P Parsik No 1xxxxx Shares | Sumit Kumar Logistic And Hub Pvt Ltd 50% | Sumit Mhatre Infrastructure Pvt Ltd
283,MALA RAJYA LAKSHMI SHAH,BJP,3,10.8763,unmatched_equity_or_generic,Investing In Mutual fund | (1)Investing In Mutual Fund | (2)Investing In Shares
2512,DR. MAHESH SHARMA,BJP,10,9.5985,private_company_shares,Share Kailash Health Care L | Share Kailash Hospitals L | shatre Citision Co-operative Bank
4005,B.Y.RAGHAVENDRA,BJP,27,9.1813,private_company_shares,Davalagiri Property Developers Pvt Ltd | Sahyadri Healthcare & Diagnostics Pvt Ltd | Sri Matangeswara Puttina sahakara sangha
2797,HEMAMALINI DHARMENDRA DEOL,BJP,2,7.1308,aggregate_shares_unspecified,(unspecified shares - aggregate) | (unspecified shares - aggregate)
7852,DR.SANJAY JAISWAL,BJP,4,6.7871,private_company_shares,Capital Investment in Proprietor ship Dr. MP Jaisw | Capital Investment in properietor ship Dr. MP Jais | Partner capital Shivam Nursing Home 10% holding
3400,K. RAJASHEKAR BASAVARAJ HITNAL,INC,6,4.8598,private_company_shares,K Rajashekara Stone Crusher Partnership Firm (50%) | Prerana Construction Partnership Firm (50%) | Shripal Associate and Construction Pvt Ltd (50%)
2240,MOHAMMAD JAWED,INC,14,4.6674,private_company_shares,Azad Enterprises Pvt. Ltd. Share | Wilderness and Wellness Resorts and Comp Pvt. Ltd. | Wilderness and Wellness Resorts and Comp Pvt. Ltd.
1881,DR.K.SUDHAKAR,BJP,19,4.262,private_company_shares,EndowmentImpex Pvt ltd | KFC Hospitality Service (10*10000) | KSP Hospitality Services
8448,RAO INDERJIT SINGH,BJP,8,4.2611,private_company_shares,Share with Tropic lndia Marketing (P) Ltd. 3627 Sh | Share with AB Singh Associated Pvt.Ltd. 5000 equit | Shares with HaMhorn Resorts Ltd. 365000 equity sha
1081,DR.KALANIDHI VEERASWAMY,DMK,4,3.9772,private_company_shares,M.K. Holdings Capital | Vee Care Mediservices(Chennai) Pvt. Ltd. | TATA Life Insurance
8070,VEENA DEVI,Lok Janshakti Party(Ram Vilas),5,3.8667,private_company_shares,Shares of Shubham Komal Pvt. Ltd. | Shares of Bharat Orja Dist. ;Pvt. Ltd. | Investment in Hotel Minakshi International Firm (a
6921,KHADSE RAKSHA NIKHIL,BJP,19,3.7688,unmatched_mutual_fund,The Tapti Valley Banana Processing And Product Co  | The Tapti Valley Banana Processing And Product Co  | Muktai Gramin Non Agriculture Patsasntha Muktainag
9027,BANDYOPADHYAY SUDIP,AITC,2,3.7346,unmatched_mutual_fund,SBI Mutual Fund Folio No 2502xxxxx | SBI Mutual Fund Folio No 2074xxxxx
2583,HARISH CHANDRA MEENA,INC,4,3.5873,unmatched_mutual_fund,Mutual Funds | Mututal Funds | Investment in Mutual Funds
1807,KANWAR SINGH TANWAR,BJP,20,3.5863,private_company_shares,Share in Raj Buildworth Pvt. Ltd. | Share in KST Aviation Pvt. Ltd. | Share in Raj Infratech Pvt. Ltd.
3856,VISHAL (DADA) PRAKASHBAPU PATIL,IND,18,3.2304,private_company_shares,"Swapnapurti Motors Pvt Ltd, Qty. 2000, Rate 100 | Tekno Corrugators Pvt Ltd, .Qty 500, Rate- 100 | Vasantdada SSK Ltd, Qty- 1, Rate- 10000"
184,T R BAALU,DMK,13,3.147,private_company_shares,"No.of shares:253376, M/s Kings India Chemicals Cor | No.of shares:253376,M/s.Meenam Fisheries Ltd. | No.of shares:197500 ,M/s Kings India Power Corpora"
940,VIJAYAKUMAR ALIAS VIJAY VASANTH,INC,2,3.126,unmatched_equity_or_generic,"12,51,000 equity shares of Rs.10/- | 18,75,000 equity shares of Rs.10/-"
8760,ANURAG SINGH THAKUR,BJP,6,3.1017,private_company_shares,"Deposits in Sant Valves Pvt Ltd., Jalandhar | Share holding in Jaidaditya Holdings Pvt Ltd | Share Holding in Sant Online systems Pvt Ltd., Jal"
3586,NEERAJ MAURYA,SP,3,2.8816,unmatched_equity_or_generic,Share | Mutual Fund | Share
1923,ARUN GOVIL,BJP,3,2.8219,unmatched_equity_or_generic,MUTUAL FUNDS | SHARES | SHARES
1167,RAJA A,DMK,2,2.5917,aggregate_shares_unspecified,(unspecified shares - aggregate) | (unspecified shares - aggregate)
181,KARTI P CHIDAMBARAM,INC,14,2.2751,private_company_shares,Kamarajar Port [folio no. 1825] | IFA0005896 | Chess Global Advisory Services Pvt.Ltd.Equity Shar
234,K NAVASKANI,Indian Union Muslim League,8,2.2563,unmatched_equity_or_generic,12600 Equity shares of Rs 10 each in Franch Expres | 67500 Equity shares of Rs 10 each in ST Courier P  | Capital in Fast Forward Express (Firm)
7349,DR. HEMANT VISHNU SAVARA,BJP,4,2.1587,unmatched_mutual_fund,Mutual Funds | Listed Company | Mutual Funds
7521,KISHORI LAL,INC,2,2.1374,unclassified,"Investment in Business, M/s Sai Filling Station GT | Investment in Business-M/s Sai Motors Gill road, L"
381,ARJUN RAM MEGHWAL,BJP,1,2.0034,aggregate_shares_unspecified,(unspecified shares - aggregate)
7133,RAJ BHUSHAN CHOUDHARY,BJP,8,1.9925,private_company_shares,Davidson Remedies Pvt Ltd-5000 Equity Share of Rs- | Tender Heart Industries Pvt Ltd-50000 equity share | Trinetra Roller Flour Mill Pvt Ltd-1777500 equity 
9413,AVIMANYU SETHI,BJP,6,1.9178,unmatched_mutual_fund,SBI Mutual Funds No 1447xxxxx | ABSL Mutual Fund No 101601xxxxx | Franklin Templeton Mutual No 1933xxxxx
3398,RADHAKRISHNA,INC,6,1.8037,unmatched_equity_or_generic,"Shares in R K Polysacks Private Limited (2,26,687  | Karnataka Feeds Corporation - Capital Account | Investment in Kanishka Gas Agency as Proprietor"
1043,DAYANIDHI MARAN,DMK,12,1.7671,unmatched_equity_or_generic,Rs 2346 Equity Shares with Reliance Industries Lim | 80 Equity Shares with Reliance Communications Vent | 20 Equity Shares with Reliance Power Limited Marke
7856,RADHA MOHAN SINGH,BJP,2,1.7497,unmatched_mutual_fund,SBI Mutual Fund Parliament House New Delhi Portfol | Portfolio No 2462xxxxx
9560,SUDHAKAR SINGH,RJD,5,1.7316,private_company_shares,Son Velley International Pvt Ltd | Sonvelly Werehousing Pra.Ltd | Dakshayni Infracity Pra. Ltd
554,M.K. VISHNUPRASAD,INC,7,1.5704,private_company_shares,40006 equity Shares of rs 10/- each in healing Gar | Nptune Pharma Logistics LLP Investment | Sowmiya Traders Captial Invested
286,HARENDRA SINGH MALIK,SP,7,1.4599,unmatched_equity_or_generic,1-Muzaffarnagar Auto Private Limited Share No 12xx | 2-Baba ji Trading Private Limited share No 2xxxxx | 3-Asirvad Stills And aliaz Private Limited Share N
7907,RAMVIR SINGH BIDHURI,BJP,1,1.445,unmatched_equity_or_generic,76290 SHARE IN SAYVIK OVERSEAS PVY. LTD.
5299,CHAMALA KIRAN KUMAR REDDY,INC,3,1.3197,unmatched_equity_or_generic,KKC Realtors | LK Developers | Koti Education Share of Capital
8764,KANGNA RANAUT,BJP,2,1.215,private_company_shares,9999 share held in Manikarnika Films Pvt Ltd | Capital Investment in Manikarnika Space LLP 99.95%
9628,PRATIMA MONDAL,AITC,2,1.1795,unmatched_equity_or_generic,"SBI Equity Saving Fund Reg Gr Folio No 33005197, U | PPS Branch PNB Ekdalia"
3596,MITESH PATEL (BAKABHAI),BJP,3,1.1757,private_company_shares,(unspecified shares - aggregate) | (unspecified shares - aggregate) | Lakshmi Protein Products Pvt Ltd Preference Share
5320,KALYAN VAIJINATHRAO KALE,INC,10,1.1161,private_company_shares,"Devgiri Co-op Sugar Factory Ltd, Phulambri, Dist.A | Shivaji Nagari Co.op BankLtd, Branch Satara Area,  | Abhudya Co.op Bank Branch Garkheda, Aurangabad/ Ch"
5114,DR BYREDDY SHABARI,TDP,2,1.0887,private_company_shares,Shivanta Medical Centre Pvt Ltd | Shivanta Medical Centre Pvt Ltd
2567,OM BIRLA,BJP,9,1.0801,bank_fd,Hitkari Vidhyalya Sahkari Shiksha Samiti Ltd Share | Hitkari Vidhyalya Sahkari Shiksha Samiti Ltd Share | Hitkari Vidhyalya Sahkari Shiksha Samiti Ltd Share
5246,ARVIND DHARMAPURI,BJP,9,0.9317,private_company_shares,Equity Share in Vishwa Samanyu Projects Pvt Ltd | Equity Share in Zify tech Solutions P Ltd | Equity Share in Mushroom Impex Ltd
2435,JADHAV SANJAY ( BANDU ) HARIBHAU,ShivSena (Uddhav Balasaheb Thackeray),5,0.865,bonds_debentures,Abhudaya Bank Shares | Capital Gain Bond | Matoshri Society
2547,UMMEDA RAM BENIWAL,INC,4,0.814,private_company_shares,Beniwal Construction Pvt. Ltd. | Akarti Craftas Pvt. Ltd. | Beniwal construction Pvt. Ltd.
8053,DHARMENDRA PRADHAN,BJP,4,0.804,unmatched_mutual_fund,SBI Mutual Fund | ICICI Prudenntial SIP | SBI Mutual Fund
7124,RAJABHAU (PARAG) PRAKASH WAJE,ShivSena (Uddhav Balasaheb Thackeray),5,0.7951,unclassified,Loknete Patsanstha | NDCC | Namko Bank
174,ESWARASAMY K,DMK,10,0.7768,private_company_shares,Pavathal Spinning Mills (35802 Equity Shares * 100 | Pavathal Green energy (5000 Equity Shares * 10) | Pavathal Fashion (3000 Equity Shares * 100)
816,THIRUMAAVALAVAN THOL,Viduthalai Chiruthaigal Katchi,1,0.7459,bank_fd,SBI Mutual Fund Deposit No 2312xxxxx
8469,DULU MAHATO,BJP,7,0.6802,private_company_shares,Mutual Fund in Aditya Birla SIP Filio No 103786xxx | Mutual Fund in Aditya Birla SIP Folio No 103786xxx | Equity Shaes in Dhanbad Dairy Pvt. Ltd. 5000 equit
3740,PARBHUBHAI NAGARBHAI VASAVA,BJP,5,0.6767,unmatched_equity_or_generic,State Bank of India Life Mutual Funds 03 30/06/201 | Shri Mandavi Vibhag Sahakari Sugar Business Mandal | Shri Madhi Vibhag Sugar Business Sahakari Mandali 
5152,NITYANAND RAI,BJP,3,0.6719,unclassified,HI Dairy (Treat Industries Ltd) | GNMS Vaishali | Shakti Chemicals Works
2763,PRADYUT BORDOLOI,INC,11,0.6339,private_company_shares,"UTI MEPUS 890 units | SBI, Mutual Fund (SIP) | Equity Shares of Indian Overseas Bank 400 units"
3378,KHALILUR RAHAMAN,AITC,9,0.6251,private_company_shares,"Equity Shares with Nur Biri Works pvt. Ltd. Units  | Equity Shares with DDHC Pvt. Ltd. Units 20500 | SBI Mutual Fund Units 2000, Total Value 20000/-"
7899,HARSH MALHOTRA,BJP,6,0.5683,private_company_shares,Investment in Equity Share M/S Deep Colour Scan Pv | Investment in Equity Share M/S Deep Health Care Se | Investment in Deep Enterprises
8734,GURJEET SINGH AUJLA,INC,2,0.5509,private_company_shares,350000 EQ Shares R.S Land Holding Pvt Ltd | 6000 Eq Shares Of Each 10 Of White rock Builders A
1894,M. MALLESH BABU,Janata Dal (Secular),4,0.5488,unmatched_equity_or_generic,INVESTMENT IN MANYATA | INVESTMENT IN MUTUAL FUNDS | INVESTMENT SHARES
9528,MISHA BHARTI,RJD,4,0.5381,unmatched_equity_or_generic,Share in Listed Cos | Shares in Unlisted Cos | Share in Listed Cos
2013,DUSHYANT SINGH,BJP,7,0.5294,unmatched_equity_or_generic,1- Niyant Heritaz Hotel Private Limited Share-2532 | 2-Niyant Pharmacy Private Limited Share-5000 | 3-Dhualpur Dairy private Limited Share-5000
7977,ARUP CHAKRABORTY,AITC,1,0.5,unmatched_mutual_fund,SBI Mutual Fund No 00022202115xxxxx
2125,SURESH GOPI,BJP,2,0.4825,unclassified,JAC FERTILIZER | DLS.P. Ltd
6264,VISHNU DAYAL RAM,BJP,3,0.4662,unmatched_mutual_fund,Mutual Fund Investemnt | Mutual Fund Investment | Mutual Fund Investment
587,BUNTY VIVEK SAHU,BJP,2,0.4599,unmatched_equity_or_generic,1.Shri Krishna Motors and Buisness Private Ltd.Chi | 1.Shri Krishna Motors and Buisness Private Ltd.Chi
196,DURAI VAIKO,Marumalarchi Dravida Munnetra Kazhagam,4,0.41,private_company_shares,"NATIONAL HIGHWAY AUTHORITY OF INDIA, CAPITAL BOND  | MANALI PETRO CHEMICALS LIMITED. NO OF SHARES 150 | V REALTY LLP NO OF SHARES 70"
251,KIREN RIJIJU,BJP,1,0.4055,unmatched_mutual_fund,"Axis Mutual Fund AMC, Folio no: 91048446476"
8150,RAM PRASAD CHAUDHARY,SP,1,0.393,private_company_shares,Share-Chaudhary Flour Miles Pvt Ltd
2597,DR C N MANJUNATH,BJP,4,0.3735,unmatched_equity_or_generic,"7,26,875 Equity Shares in Universal Credit and Sec | 1000 Equity Shares in Voltaire Leasing and Financi | 200 Equity shares in Nagarjuna Fertilizers and che"
7281,CHIRAG PASWAN,Lok Janshakti Party(Ram Vilas),6,0.3591,unmatched_equity_or_generic,Sankatamochan Mercantile Private Limited Director  | Aqua Vintrade Private Limited Director and Shareho | Strong Pillar Private Limited Director and Shareho
9397,PRATAP CHANDRA SARANGI,BJP,2,0.3494,unmatched_mutual_fund,"SBI, New Delhi 69 A/c384903080 | SBI mutual Fund"
300,DHANORKAR PRATIBHA SURESH ALIAS BALUBHAU,INC,3,0.3255,unmatched_equity_or_generic,Shri Kanyaka Nagri Sahakari Bhardavati 2769 shares | Yavatmad Urban Co.Op Bank Branch Bhradavati 1265 s | Pushd Urban Co.Op Bank Branch Vani 905 Shares per 
7194,KIRTIVARDHAN SINGH,BJP,3,0.3179,unmatched_mutual_fund,S.B.I Mutual Fund Folio No 26963262 | IIFL ID No 1204470008816619 . 1)Ashok Lylad | Bharat Forj
5211,UTKARSH VERMA (MADHUR),SP,2,0.3,unmatched_equity_or_generic,Masores Maa Veshnu Shaw Mils Kackmusepur Share 1/2 | Masores Maa Jagdambe Enterprises Share 1/2
9604,RABINDRA NARAYAN BEHERA,BJP,2,0.2881,aggregate_shares_unspecified,(unspecified shares - aggregate) | (unspecified shares - aggregate)
8561,SANJAY SETH,BJP,1,0.2852,aggregate_shares_unspecified,(unspecified shares - aggregate)
8774,PANKAJ CHAUDHARY,BJP,5,0.2813,private_company_shares,"Harbans Ram Bhagwan Das Ayurvedic Sansthan Pvt. Lt | Ujjwal Green Power Pvt Ltd, Maharajganj | Harbans Ram Bhagwan DAS Ayurvedic Sansthan Pvt. Lt"
7903,MANOJ TIWARI,BJP,4,0.2752,unmatched_equity_or_generic,5000 Equity Share Of Saanvika Films Private Limite | SBI Life Equity Fund (2B314331408) | 5000 Equity Share of Saanvika Films Private Limite
2094,JANARDAN MISHRA S/O Ramdhar Prasad Mishra,BJP,1,0.2549,unmatched_mutual_fund,SBI Mutual Fund
7,FAGGAN SINGH KULASTE,BJP,3,0.25,unclassified,FOLIO No 3459xxxxx ONE TIME 30/08/2023 | HEERAK INFRA MINE PRIVATE LIMITED No 5020006719xxx | HDFC 0001282 BRANCH VIJAY BAGAR JABALPUR ACCOUNT T
7158,ANITA SUBHADARSHINI,BJP,2,0.249,unmatched_equity_or_generic,Mutural Fund | Share Market
5111,Y. S. AVINASH REDDY,YSRCP,1,0.2479,unmatched_equity_or_generic,Share In Kotak PCS Securities LTD Hydrabad
329,NITIN JAIRAM GADKARI,BJP,5,0.2407,unmatched_equity_or_generic,Purti Power And Sugar Ltd 310 Equity Shares Of Rs  | Misc. (Investment INclude Sh. Appl. Money) | Shares In Co-op Societies Etc
1464,SASIKANTH SENTHIL,INC,4,0.2369,bonds_debentures,SBI Bonds | Funds India Mutual Finds | SBI Bonds
3668,SHRIPAD YESSO NAIK,BJP,3,0.227,unmatched_equity_or_generic,Oil and Natural GAs Corporation 90 Equity Shares C | SBI 500 Equity Shares Cost on 31-03-2024 for Rs 22 | SBI Mutual Fund Folio No 1535xxxxx Portfolio-L24G 
7440,KARAN BHUSHAN SINGH,BJP,6,0.2213,private_company_shares,Nandini Agro Products Pvt Ltd share unit 23500 | Peramount Complex Pvt Ltd Share Unit | Nandini Infrastructure Pvt Ltd Share unit 5000
8523,CHANDRA PRAKASH CHOUDHARY,AJSU Party,2,0.2139,unmatched_equity_or_generic,BOI Share | Equity Share
1836,GANESH SINGH,BJP,1,0.2025,private_company_shares,(Share) San And Pandit Polytubes Pvt Ltd Satna
100,SUMATHY T,DMK,2,0.2,unmatched_equity_or_generic,100000 Shares Sasvitha Home Finance value 10*10000 | 100000 Shares Sasvitha Home Finance value 10*10000
5254,SURESH KUMAR SHETKAR,INC,2,0.2,private_company_shares,Prime Food Tech Pvt. Ltd. | Prime Food Tech Pvt. Ltd.
1866,P C MOHAN,BJP,4,0.1942,private_company_shares,"pridhi Buildcon Pvt Ltd, 7500 Equity Shares f Rs 1 | GMC Bank Ltd 160 shares of Rs 25/- each | PC Realty Partnership firm captial balance"
239,PRADAN BARUAH,BJP,1,0.1851,unclassified,SBI Life Retire Smart No. 1H483258308
8177,JANARDAN SINGH (SIGRIWAL),BJP,1,0.1755,unclassified,SBI MF
5079,JITENDRA KUMAR DOHARE,SP,2,0.174,unclassified,Farm J.K Tredars 101 Frendas Colony Itawah Jitendr | Farm A.P.P Construction Ujhyani Bhrthna Itawah Anu
3603,DABHI BHARATSINHJI SHANKARJI,BJP,4,0.1705,private_company_shares,Stock Holding Valution | The M.H. Co-Op Bank Ltd Mahesana share no. 64 | Nirmal Bang Security Pvt Ltd
732,KAMAKHYA PRASAD TASA,BJP,4,0.1601,bonds_debentures,SOVEREIGN GOLD Bonds Scheme 2016-17 Cert no-SGB000 | 1-NSC No 471631xxxxx | 2- NSC No 02002174xxxxx
2287,RAJMOHAN UNNITHAN,INC,3,0.1596,unmatched_mutual_fund,"TATA AIA Fortune Guarantee Pension Policy No.C2187 | SBI Mutual Fund, Parliament Branch New Delhi Folio | TATA AIA Policy No.2064/9152 Annuity Pension Plan "
8397,BABU SINGH KUSHWAHA,SP,1,0.15,unclassified,B.S.L. Term Plan
7094,SANJAY DINA PATIL,ShivSena (Uddhav Balasaheb Thackeray),7,0.147,unmatched_equity_or_generic,The Kokan Prant Sahkari Bank Bhandup Shares No 119 | Bharat Co-op Bank 10 | HDFC Mutual Fund Nifty 200
1801,KARTICK CHANDRA PAUL,BJP,2,0.1397,unmatched_equity_or_generic,Share Investment | Loknath Bricks Industries Partinership Firm (50% I
4321,PRANITI SUSHILKUMAR SHINDE,INC,4,0.1214,private_company_shares,"Crecent Oil Pvt Ltd, 100 Shares- Rs. 100 Each | Ojas Diyechem Pvt Ltd, 1000 Shares Rs. 100 Each | 4750 Shares, Trigon Hospitality Pvt Ltd, Each Rs. "
8803,BIRENDRA SINGH,SP,4,0.1136,private_company_shares,No. of Share 4360 Hanuman Aprtment Pvt Ltd. Rs. 10 | 5000 Share Jagdishwar Enterprises Pvt. Ltd. Value  | 4150 Share Hanuman Apartment Pvt.Ltd. per Share 10
3537,DHAIRYASHEEL SAMBHAJIRAO MANE,Shiv Sena,3,0.107,unmatched_equity_or_generic,SHARE IN OF RAJARAM SAHKARI SAKHAR KARAKHANA BAWAD | SHARE IN DATTA SAHKARI SAKHAR KARAKHANA SHIROL | HDFC Mutual Funds Investment
3589,DILESHWAR KAMAIT,JD(U),1,0.1044,unmatched_equity_or_generic,SBI long Term Equity Fund
9494,KAUSHALENDRA KUMAR,JD(U),2,0.1026,unmatched_mutual_fund,SBI Mutual Fund | SBI Mutual Fund
5187,SATABDI ROY,AITC,2,0.092,unmatched_mutual_fund,SBI Mutual Fund for Rs-130000/- | Investment to UNI Triveni Overseas for purchase as
3386,E. TUKARAM,INC,5,0.0908,bonds_debentures,"PLD bank sandur | Infrastructure bonds. SPS bank | LH co-op bank, bglr"
5395,GODAM NAGESH,BJP,3,0.085,bonds_debentures,No of Bonds(Mutual Fund @ 1000) | Ayyappa Earth Movers Adilabad | Sai Srinivasa Filling Station Echoda(50%) HP Srini
1155,C N ANNADURAI,DMK,1,0.0809,unclassified,Prajith Dental Equipments
6044,MURLIDHAR MOHOL,BJP,5,0.0796,bank_fd,Suvarnayug Sahakari Bank | Ramrajya Sahakari Bank | Roopi Co Op Bank Ltd
1712,JUGAL KISHORE,BJP,1,0.0785,private_company_shares,50% Share In Partnership Business Of Stone Crusher
8964,SOUGATA RAY,AITC,4,0.0696,unmatched_mutual_fund,"SBI Lake Gardens Branch, SBI Mutual Fund, Folio No | SBI, Lake Gardens, No 4225952xxxxx | Amazing Varitea, SBI Lake Gardens, CC A/c"
3442,VIJAY BAGHEL,BJP,2,0.0679,unmatched_mutual_fund,SBI Mutual Fund SIP | SBI Mutual Fund SIP
4100,RAKIBUL HUSSAIN,INC,5,0.0667,bonds_debentures,"500 Equity Shares with State Bank of India, dtd.01 | Sahara Bonds (Control No 2417920xxxxx) | 600 Equity Shares of Khoobsurat Ltd., dtd. 16.04.2"
3748,JASWANTSINH SUMANBHAI BHABHOR,BJP,4,0.0654,unmatched_mutual_fund,The Randhikpur Lamps Ltd 1720 | State Bank of India Mutual Fund | Dahod Urban Co Op Bank Ltd 3510
970,DR JAYANTA KUMAR ROY,BJP,4,0.06,unmatched_mutual_fund,Tata Mutual Fund Folio No 896xxxxx/31 SIP | Sundaram Mutual Fund Folio No 610796xxxxx SIP | Tata Mutual Fund Folio No 89554xxxxx SIP
45,BHARTI PARDHI,BJP,3,0.0554,bank_fd,Jila Sehkari Kendriya Bank Ricpt No 04xxxxx | FD | Attari Machli Beej Utpadan Kendra
5128,KESINENI SIVANATH (CHINNI),TDP,5,0.0525,private_company_shares,Investment share in Kesineni Developers Pvt Ltd no | Investment in Kesineni Infra Developers LLP | Investment in Oblike Infra Heights LLP
3930,GADDIGOUDAR PARVATGOUDA CHANDANGOUDA,BJP,6,0.051,unmatched_equity_or_generic,Veerapulikeshi Co-operative Bank Badami Share A/c  | National Co -off Credit Society Badami Share A.c N | Jyothi Patti Co-operative Society Badami Share A.c
8040,APARAJITA SARANGI,BJP,2,0.0458,aggregate_shares_unspecified,Shares on 30/4/2024 | (unspecified shares - aggregate)
7089,BHASKAR MURLIDHAR BHAGARE,Nationalist Congress Party – Sharadchandra Pawar,8,0.0457,unmatched_equity_or_generic,Loknete Sharad Chandra Pawar Gramin Non Agricultur | Kadva Sahakari Sugar Factory Materewadi Dindori 01 | Nashik District Madhyawarti Sahakari No 3787xxxxx 
2367,ANUP SANJAY DHOTRE,BJP,9,0.0445,private_company_shares,Nishant Multistate Co-op Credit Society Linking Sh | Nishant Multistate Co-op Credit Society 5 Shares O | The Nilkanth Sah Soot Girni Ltd Akola 1 Share Of R
7890,LOVELY ANAND,JD(U),1,0.04,bonds_debentures,SBI Gold Bond
484,INDRA HANG SUBBA,Sikkim Krantikari Morcha,1,0.04,unmatched_mutual_fund,SBI Mutual Fund( Folio No: 24375642
6007,ADV GOWAAL KAGADA PADAVI,INC,1,0.0399,unmatched_mutual_fund,Mutual Fund 1. Frankiln Tempeton 2. Nippon
3633,RAJESH VERMA,Lok Janshakti Party(Ram Vilas),4,0.0378,private_company_shares,Mutual Fund | Anurodh Infrastructure Ltd. | Deltuss Pvt. Ltd.
5323,BHUMARE SANDIPANRAO ASARAM,Shiv Sena,6,0.0375,private_company_shares,Sant Eknath Sah Sugar Factory Paithan | Sharad Sah Sugar Factory Vihamandva | Shivaji Nagri Sah Bank Paithan
3502,DHAVAL LAXMANBHAI PATEL,BJP,3,0.032,private_company_shares,Yugsmita Innovation Pvt Ltd Share 20000 | Yugshri Innovation 9999 Share | Shri Sayan Vibhag Sahakari Sugar Udyog Mandali 100
2239,TARIQ ANWAR,INC,1,0.0304,unmatched_equity_or_generic,450 Share Agro Tech Ltd. Share Market
5055,GOPAL JEE THAKUR,BJP,1,0.0261,aggregate_shares_unspecified,(unspecified shares - aggregate)
7296,JUAL ORAM,BJP,2,0.0252,bonds_debentures,BOC-5339 | SBI Sourvernier Gold Bond Reg No-SBISG233551325008
2211,SUKANTA MAJUMDAR,BJP,2,0.0227,unmatched_equity_or_generic,Market Value of Share | SBI Mutual Fund
221,RAVIKUMAR. D,Viduthalai Chiruthaigal Katchi,1,0.0215,unclassified,Geojit Financial Services Ltd Mututal Fund
1225,THANGA TAMILSELVAN,DMK,1,0.021,unclassified,Shri Ram Chit Funds
5077,ASHOK KUMAR RAWAT,BJP,1,0.02,unmatched_equity_or_generic,Share
877,RUCHI VIRA,SP,1,0.02,unmatched_mutual_fund,SBI Mutual Fund
1969,AMAR SHARADRAO KALE,Nationalist Congress Party – Sharadchandra Pawar,5,0.02,private_company_shares,Shares Of Ayusham Surgical Hygine And Cotton Indus | Mutual Funds HDFC Midcap Oppo Fund | Shares Of Ayusham Surgical Hygine And Cotton Indus
9677,CHAVAN RAVINDRA VASANTRAO,INC,9,0.0192,unmatched_equity_or_generic,"4400 Shares of Abhudaya Co.op Bank ltd, 10 /- Eact | 1 Share- Bhagyanagar Co.op Housing Society | Co.op Society Naigaon Shares"
5300,G M HARISH (BALAYOGI),TDP,1,0.0175,unmatched_equity_or_generic,Krishna Institute Of Medical Science Limited 90 Eq
2455,VISHNU DATT SHARMA (V.D.SHARMA),BJP,1,0.015,unmatched_mutual_fund,SBI Mutual Fund
5214,MUKESH RAJPUT,BJP,1,0.014,unmatched_mutual_fund,Mutual Fund
17,BISHNU PADA RAY,BJP,2,0.0132,unmatched_equity_or_generic,Shares | Shares
7481,RAVINDRA DATTARAM WAIKAR,Shiv Sena,2,0.01,private_company_shares,Icchapurti Infrastructure Pvt Ltd 10 | Icchapurti Infrastructure Pvt Ltd 10
5206,ARUN KUMAR SAGAR,BJP,2,0.01,private_company_shares,Arsh Creation & Communication Pvt. Ltd. 75000 shar | Multi Great Creation Pvt. ltd.2500 share
7909,KAMALJEET SEHRAWAT,BJP,2,0.01,private_company_shares,5000 Equity Shares Genius Commercial nd Education  | 5000 Equity Shares Genius Commercial nd Education 
2574,P. P. CHAUDHARY,BJP,3,0.0085,private_company_shares,J.V.C. Warehousing pvt. ltd. Share- 5000 | Anil Nutrientltd. Share- 2500 | Linstar Holding (Partnership Farm)
8128,DHARMENDRA YADAV,SP,2,0.0083,private_company_shares,Shri radhe krishna Agrifood | White Bricks Bildtek Pvt. Ltd.
1,DR. RAJESH MISHRA,BJP,5,0.008,unmatched_equity_or_generic,Allahabad Bank 400 Share | Group Pharma 100 Shares | MNHDF 5000 Shares
1958,JADHAV PRATAPRAO GANPATRAO,Shiv Sena,8,0.007,unmatched_equity_or_generic,The Mehkar Urban Co-operative Bank Ltd Mehkar Shar | Maharashtra Urban Co-operative Credit SOciety Mehk | Dongaon Vividh Karyakari Sahkari Sanstha Dongaon M
2502,DR BHOLA SINGH,BJP,2,0.0065,unmatched_equity_or_generic,2500 shares yesian enterprises | 4000 shares
1156,BIPLAB KUMAR DEB,BJP,1,0.006,unmatched_equity_or_generic,SBI Joint Share With Spouse
3666,DELKAR KALABEN MOHANBHAI,BJP,3,0.0052,unmatched_equity_or_generic,Shares In Dadra Nagar Haveli Shankari Khand Udyog  | Shares in Dadra Nagar Haveli Shahkari Khand Udyog  | Equity Shares of Welspun Polyster India Ltd No of 
2178,SHOBHA KARANDLAJE,BJP,1,0.005,private_company_shares,M/s Kaila Manjushree Apparels Pvt Ktd 5000 Shares 
4024,PRIYANKA SATISH JARKIHOLI,INC,1,0.005,unmatched_equity_or_generic,Equity Shares In satish Sugars Ltd
2279,K. SUDHAKARAN,INC,2,0.005,private_company_shares,"Director , Bharath Broad Casting Network Ltd. | Kannur Edu- Park Pvt. Ltd. 4995 Share Of Rs. 10"
7846,SUNIL KUMAR,JD(U),1,0.005,private_company_shares,Pranshi and Sanvi Facilities Pvt. Ltd.
3793,SAGAR ESHWAR KHANDRE,INC,1,0.004,unmatched_equity_or_generic,Land2roof Infra private Limited. Bengalore. 4000 S
8358,PRAVEEN PATEL,BJP,1,0.0034,private_company_shares,Gulab Singh & Grans Sons Pvt Ltd Andawan Prayagraj
1480,ROBERT BRUCE C,INC,1,0.0031,aggregate_shares_unspecified,(unspecified shares - aggregate)
5217,ANAND KUMAR,BJP,2,0.0026,unclassified,Adani Green 20 Unit | APTECHT 20 Unit
5328,NILESH DNYANDEV LANKE,Nationalist Congress Party – Sharadchandra Pawar,2,0.0021,unclassified,Shears Senapati Bapat Multi State Co-op Credit So. | Shears Nagar Arban Co-op Bank Ltd Ahamadnagar
1120,BALWANT BASWANT WANKHADE,INC,2,0.002,unclassified,Green Luck Farmer Producer Company | Green Luck Farmer Producer Company
7088,BACHHAV SHOBHA DINESH,INC,2,0.002,unclassified,NDCC Bank | NDCC Bank
3743,NIMUBEN JAYANTIBHAI BAMBHANIYA (NIMUBEN BAMBHANIYA),BJP,2,0.0015,unmatched_equity_or_generic,Shri Madhav Credit Co Op Society Ltd Bhavnagar 100 | Shri Madhav Credit Co Op Society Ltd Bhavnagar 200
3782,SHOBHANABEN MAHENDRASINH BARAIYA,BJP,7,0.0015,unclassified,Prantich Taluka Prathmik Sahkari Mandali | Himmatnagar Nagrik Sahkari Bank | Salal Nagrik Sahkari Bank
1890,SHREYAS. M. PATEL,INC,1,0.0012,aggregate_shares_unspecified,(unspecified shares - aggregate)
2268,K.RADHAKRISHNAN,CPI(M),1,0.001,private_company_shares,Malayalam Communications Pvt. Ltd. Share
317,DR. KIRSAN NAMDEO,INC,1,0.001,unmatched_mutual_fund,UTI Mutual Fund Units
2303,E.T. MOHAMMED BASHEER,Indian Union Muslim League,1,0.001,unmatched_equity_or_generic,Shihab Thangal Co-Op Hospital Share
1978,SANJAY UTTAMRAO DESHMUKH,ShivSena (Uddhav Balasaheb Thackeray),5,0.0008,foreign_holdings,Pusad Urban Digras 38/47 | Akola Janta Bank Digras | Jijau Urban Digras
3455,MANSUKHBHAI DHANJIBHAI VASAVA,BJP,2,0.0005,unmatched_equity_or_generic,1 Share Dharikheda Sugar Factory | 4 Share Dharikheda Sugar Factory
1886,GOVIND MAKTHAPPA KARJOL,BJP,1,0.0005,unclassified,RSSK Ranagar Tumakuru
1904,V. SOMANNA,BJP,3,0.0005,unclassified,Janatha Seva Co-op Bank Ltd Vijayanagar C.No 6768 | Kalyan Co-op Society Ltd C.No 40 | Citizen Co-op Bank Ltd C.No 3968
3667,PATEL UMESHBHAI BABUBHAI,IND,1,0.0004,unclassified,Demat No 2651xxxxx The Tata Power Company Ltd INE 
1830,DURGADAS (D. D.) UIKEY,BJP,1,0.0001,unmatched_equity_or_generic,Betul Janjatiya Farmer Producer Ltd. Share 100
7097,ARVIND GANPAT SAWANT,ShivSena (Uddhav Balasaheb Thackeray),2,0.0001,unmatched_equity_or_generic,"Abhyudaya co-op Bank Ltd. , 100 Share | Saraswat Bank Ltd."
703,THARANIVENTHAN M S,DMK,1,0.0,trust_huf,ARULMIGU SRI MUTHALAMMAN EDUCATIONAL TRUST (One of
121,MANI. A.,DMK,1,0.0,unmatched_equity_or_generic,"VTS Transport dharmapuri, No share holder investme"
6236,AKHILESH YADAV,SP,2,0.0,unmatched_equity_or_generic,Saifai Egro/Hibics-share 70% | Saifai Egro/Hibics-share-30%
3607,DIMPLE YADAV,SP,2,0.0,unmatched_equity_or_generic,Saifai Agro-Share-70% Ac AEUFS9880G Till Date Did  | Saifai Agro-Share-30% Ac AEUFS9880G Till Date Did 
39,CHANDRASHEKHAR,Aazad Samaj Party (Kanshi Ram),1,0.0,private_company_shares,CA Network Pvt. Ltd.
3,SMT. HIMADRI SINGH,BJP,1,0.0,private_company_shares,Mahakal Arthmuvers Pvt. Ltd. Mumbai Share 20000/- 
