candidate_id,mp_name,party,constituency,total_declared_value_inr,total_declared_value_cr,gold_n_entries,gold_value_inr,gold_weight_g,silver_n_entries,silver_value_inr,silver_weight_g,diamond_n_entries,diamond_value_inr,diamond_weight_g,gemstone_n_entries,gemstone_value_inr,gemstone_weight_g,mixed_n_entries,mixed_value_inr,mixed_weight_g,unspecified_n_entries,unspecified_value_inr,unspecified_weight_g
8542,NAVEEN JINDAL,BJP,KURUKSHETRA,434824000,43.4824,3,431544000,22103.334,1,3280000,54660.0,0,0,0,0,0,0,0,0,0,0,0,0
5226,KONDA VISHWESHWAR REDDY,BJP,CHEVELLA,110055576,11.0056,0,0,0,0,0,0,0,0,0,0,0,0,2,110055576,862.0,0,0,0
5130,SRIBHARAT MATHUKUMILI,TDP,VISAKHAPATNAM,102429152,10.2429,3,76202333,12435.12,2,8762373,104300.0,1,17464446,0,0,0,0,0,0,0,0,0,0
5268,C.M.RAMESH,BJP,ANAKAPALLE,91610941,9.1611,2,91610941,15.11,0,0,0,0,0,0,0,0,0,0,0,0,0,0,0
8764,KANGNA RANAUT,BJP,MANDI,85000000,8.5,1,50000000,6700.0,1,5000000,60000.0,1,30000000,0,0,0,0,0,0,0,0,0,0
7093,PIYUSH GOYAL,BJP,MUMBAI NORTH,78068666,7.8069,0,0,0,0,0,0,0,0,0,0,0,0,3,78068666,34079.42,0,0,0
8951,HARSIMRAT KAUR BADAL,SAD,BATHINDA,70340068,7.034,0,0,0,0,0,0,0,0,0,0,0,0,1,70340068,0,0,0,0
3847,CHHATRAPATI SHAHU SHAHAJI,INC,KOLHAPUR,62519000,6.2519,3,55309000,9043.71,2,7210000,102700.0,0,0,0,0,0,0,0,0,0,0,0,0
5028,POONAMBEN HEMATBHAI MAADAM,BJP,JAMNAGAR,58866405,5.8866,3,48961801,7287.37,2,2837078,29399.772,2,7067526,0,0,0,0,0,0,0,0,0,0
4316,SUPRIYA SULE,Nationalist Congress Party – Sharadchandra Pawar,BARAMATI,55593965,5.5594,2,21497873,4123.32,2,2215518,40450.1,2,31880574,0,0,0,0,0,0,0,0,0,0
7176,ANURAG SHARMA,BJP,JHANSI,53241114,5.3241,2,48558145,9416.66,2,4682969,72830.0,0,0,0,0,0,0,0,0,0,0,0,0
2597,DR C N MANJUNATH,BJP,BANGALORE RURAL,52551805,5.2552,3,42441164,6609.0,1,3003000,38500.0,1,2550000,0,1,4557641,340.0,0,0,0,0,0,0
8022,BHARTRUHARI MAHTAB,BJP,CUTTACK,48118752,4.8119,2,47612400,7214.0,2,506352,6028.0,0,0,0,0,0,0,0,0,0,0,0,0
1900,YADUVEER KRISHNADATTA CHAMARAJA WADIYAR,BJP,MYSORE,46600000,4.66,5,43800000,6600.0,3,2800000,40000.0,0,0,0,0,0,0,0,0,0,0,0,0
2013,DUSHYANT SINGH,BJP,JHALAWAR-BARAN,46517424,4.6517,2,42182424,6444.0,0,0,0,0,0,0,0,0,0,2,4235000,55000.0,1,100000,0
5139,C R PATIL,BJP,NAVSARI,36697311,3.6697,4,29420870,4756.28,2,2783868,43320.0,0,0,0,1,89345,133.25,3,4403228,22347.7,0,0,0
2651,H.D. KUMARASWAMY,Janata Dal (Secular),MANDYA,34723471,3.4723,2,28882821,4602.84,2,2271500,29500.0,2,3569150,0,0,0,0,0,0,0,0,0,0
8497,DEEPENDER SINGH HOODA,INC,ROHTAK,33830427,3.383,2,33753027,2375.53,1,77400,1000.0,0,0,0,0,0,0,0,0,0,0,0,0
3579,BASAVARAJ BOMMAI,BJP,HAVERI,31435918,3.1436,4,25648100,4181.0,3,3687818,49750.0,0,0,0,0,0,0,0,0,0,1,2100000,0
1081,DR.KALANIDHI VEERASWAMY,DMK,CHENNAI NORTH,29398713,2.9399,4,21287618,419471.91,3,2613760,32363.886,3,5383500,0,0,0,0,0,0,0,1,113835,0
1043,DAYANIDHI MARAN,DMK,CHENNAI CENTRAL,29026082,2.9026,1,1057670,42.0,0,0,0,0,0,0,0,0,0,1,27968412,20502.0,0,0,0
234,K NAVASKANI,Indian Union Muslim League,RAMANATHAPURAM,28233270,2.8233,3,28233270,4602.0,0,0,0,0,0,0,0,0,0,0,0,0,0,0,0
5179,SHATRUGHAN PRASAD SINHA,AITC,ASANSOL,27130796,2.7131,0,0,0,0,0,0,0,0,0,2,12103775,0,2,15027021,2896.0,0,0,0
1167,RAJA A,DMK,NILGIRIS (SC),26948438,2.6948,2,24612460,3374.806,2,1135978,14182.0,1,1200000,0,0,0,0,0,0,0,0,0,0
3856,VISHAL (DADA) PRAKASHBAPU PATIL,IND,SANGLI,25868157,2.5868,2,21230907,3030.0,2,4637250,57250.0,0,0,0,0,0,0,0,0,0,0,0,0
5254,SURESH KUMAR SHETKAR,INC,ZAHIRABAD,25792000,2.5792,2,25792000,3540.0,0,0,0,0,0,0,0,0,0,0,0,0,0,0,0
7194,KIRTIVARDHAN SINGH,BJP,GONDA,24820000,2.482,4,24820000,3400.0,0,0,0,0,0,0,0,0,0,0,0,0,0,0,0
1843,GAJENDRA SINGH SHEKHAWAT,BJP,JODHPUR,24700000,2.47,6,22600000,3521.354,3,2100000,30000.0,0,0,0,0,0,0,0,0,0,0,0,0
436,RAO RAJENDRA SINGH,BJP,JAIPUR RURAL,24625000,2.4625,2,22750000,3500.0,1,1875000,25000.0,0,0,0,0,0,0,0,0,0,0,0,0
5106,DR CHANDRA SEKHAR PEMMASANI,TDP,GUNTUR,24061250,2.4061,4,23640500,3434.133,1,420750,5500.0,0,0,0,0,0,0,0,0,0,0,0,0
5118,PRABHAKAR REDDY VEMIREDDY,TDP,NELLORE,23144576,2.3145,2,15553326,2288.6,1,590000,6113.99,1,341250,0,0,0,0,0,0,0,1,6660000,0
4005,B.Y.RAGHAVENDRA,BJP,SHIMOGA,21256775,2.1257,0,0,0,0,0,0,0,0,0,0,0,0,2,21256775,15095.92,0,0,0
5120,MAGUNTA SREENIVASULU REDDY,TDP,ONGOLE,20733796,2.0734,1,20733796,2842.972,0,0,0,0,0,0,0,0,0,0,0,0,0,0,0
5183,PATHAN YUSUF,AITC,BAHARAMPUR,20697868,2.0698,0,0,0,0,0,0,0,0,0,0,0,0,2,20697868,0,0,0,0
940,VIJAYAKUMAR ALIAS VIJAY VASANTH,INC,KANNIYAKUMARI,19410552,1.9411,2,19410552,2661.532,0,0,0,0,0,0,0,0,0,0,0,0,0,0,0
4427,AMIT SHAH,BJP,GANDHINAGAR,18363800,1.8364,1,876160,160.0,0,0,0,0,0,0,0,0,0,2,17487640,27390.0,0,0,0
2239,TARIQ ANWAR,INC,KATIHAR,18242901,1.8243,2,18242901,2724.0,0,0,0,0,0,0,0,0,0,0,0,0,0,0,0
5122,DAGGUBATI PURANDHESHWARI,BJP,RAJAHMUNDRY,17299300,1.7299,2,12174800,2213.6,0,0,0,2,5032000,0,1,92500,10.0,0,0,0,0,0,0
257,TAPIR GAO,BJP,ARUNACHAL EAST,16200000,1.62,3,16200000,2368.47,0,0,0,0,0,0,0,0,0,0,0,0,0,0,0
899,JITIN PRASADA,BJP,PILIBHIT,15526500,1.5527,3,15221500,2087.138,0,0,0,0,0,0,0,0,0,0,0,0,5,305000,0
100,SUMATHY T,DMK,CHENNAI SOUTH,15291000,1.5291,3,14503500,2637.0,2,787500,11250.0,0,0,0,0,0,0,0,0,0,0,0,0
6620,KINJARAPU RAMMOHAN NAIDU,TDP,SRIKAKULAM,15177000,1.5177,4,15177000,2335.0,0,0,0,0,0,0,0,0,0,0,0,0,0,0,0
196,DURAI VAIKO,Marumalarchi Dravida Munnetra Kazhagam,TIRUCHIRAPPALLI,15136345,1.5136,1,12717782,2071.0,1,520704,5395.896,0,0,0,0,0,0,2,1897859,0,0,0,0
5064,SUDHEER GUPTA,BJP,MANDSOUR,14871352,1.4871,4,9958000,1532.0,1,7200,10.0,0,0,0,0,0,0,3,4906152,5811.0,0,0,0
8770,NISHIKANT DUBEY,BJP,GODDA,14828750,1.4829,2,14089650,2050.0,1,739100,9500.0,0,0,0,0,0,0,0,0,0,0,0,0
9673,PRIYANKA GANDHI VADRA,INC,WAYANAD : BYE ELECTION ON 13-11-2024,14534646,1.4535,1,11579065,6921.4,1,2955581,59830.0,0,0,0,0,0,0,0,0,0,0,0,0
2125,SURESH GOPI,BJP,THRISSUR,14430000,1.443,4,14430000,1978.609,0,0,0,0,0,0,0,0,0,0,0,0,0,0,0
5085,MAHUA MOITRA,AITC,KRISHNANAGAR,13753000,1.3753,2,1741000,259.694,5,1012000,14000.0,1,8000000,0,0,0,0,0,0,0,1,3000000,0
7090,SURESH GOPINATH MHATRE ALIAS BALYA MAMA,Nationalist Congress Party – Sharadchandra Pawar,BHIWANDI,13690622,1.3691,2,10532434,2587.0,1,474414,6000.0,1,2683774,0,0,0,0,0,0,0,0,0,0
3407,HEGDE VISHWESHWAR,BJP,UTTARA KANNADA,13429500,1.343,2,13160000,2350.0,1,269500,3500.0,0,0,0,0,0,0,0,0,0,0,0,0
8730,GURMEET SINGH HAYER,AAP,SANGRUR,13392000,1.3392,2,6232000,930.0,1,1160000,14500.0,0,0,0,0,0,0,1,6000000,0,0,0,0
7907,RAMVIR SINGH BIDHURI,BJP,SOUTH DELHI,13356000,1.3356,2,12906000,1903.0,0,0,0,1,450000,0,0,0,0,0,0,0,0,0,0
5299,CHAMALA KIRAN KUMAR REDDY,INC,BHONGIR,13178449,1.3178,2,13178449,1884.0,0,0,0,0,0,0,0,0,0,0,0,0,0,0,0
4929,MOHITE-PATIL DHAIRYASHEEL RAJSINH,Nationalist Congress Party – Sharadchandra Pawar,MADHA,13061250,1.3061,3,13061250,1935.0,0,0,0,0,0,0,0,0,0,0,0,0,0,0,0
1681,ARUN BHARTI,Lok Janshakti Party(Ram Vilas),JAMUI (SC),13030500,1.3031,2,12915000,2100.0,1,115500,1500.0,0,0,0,0,0,0,0,0,0,0,0,0
2240,MOHAMMAD JAWED,INC,KISHANGANJ,13000000,1.3,0,0,0,0,0,0,0,0,0,0,0,0,2,13000000,6220.0,0,0,0
127,K E PRAKASH,DMK,ERODE,12708000,1.2708,4,12708000,2118.0,0,0,0,0,0,0,0,0,0,0,0,0,0,0,0
2567,OM BIRLA,BJP,KOTA,12333460,1.2333,1,350000,50.0,2,2683460,39226.0,0,0,0,0,0,0,1,9300000,1426.0,0,0,0
8448,RAO INDERJIT SINGH,BJP,GURGAON,12127562,1.2128,2,10456812,1679.0,1,778000,10000.0,0,0,0,0,0,0,0,0,0,2,892750,0
5215,ANAND BHADAURIYA,SP,DHAURAHRA,12127300,1.2127,2,9512500,1298.455,1,136800,1800.0,1,1600000,0,0,0,0,0,0,0,10,878000,0
174,ESWARASAMY K,DMK,POLLACHI,11756250,1.1756,2,11250000,1800.0,1,506250,6520.0,0,0,0,0,0,0,0,0,0,0,0,0
283,MALA RAJYA LAKSHMI SHAH,BJP,TEHRI GARHWAL,11740735,1.1741,2,5916735,1947.0,1,5824000,140336.0,0,0,0,0,0,0,0,0,0,0,0,0
1352,GANAPATHY RAJKUMAR P,DMK,COIMBATORE,11600000,1.16,5,10400000,2080.0,1,1200000,15000.0,0,0,0,0,0,0,0,0,0,0,0,0
1904,V. SOMANNA,BJP,TUMKUR,11599689,1.16,1,523000,654.0,2,1234500,119000.0,1,9842189,2524.0,0,0,0,0,0,0,0,0,0
3421,JAGADISH SHETTAR,BJP,BELGAUM,11485113,1.1485,2,11233260,1800.0,2,251853,3350.0,0,0,0,0,0,0,0,0,0,0,0,0
184,T R BAALU,DMK,SRIPERUMBUDUR,11213000,1.1213,1,575000,100.0,0,0,0,0,0,0,0,0,0,2,10638000,2100.0,0,0,0
340,ALFRED KANNGAM S ARTHUR,INC,OUTER MANIPUR (ST),11200000,1.12,1,11000000,2300.0,1,200000,4600.0,0,0,0,0,0,0,0,0,0,0,0,0
1978,SANJAY UTTAMRAO DESHMUKH,ShivSena (Uddhav Balasaheb Thackeray),YAVATMAL - WASHIM,10996807,1.0997,4,10464852,1819.0,2,531955,10000.0,0,0,0,0,0,0,0,0,0,0,0,0
2178,SHOBHA KARANDLAJE,BJP,BANGALORE NORTH,10840000,1.084,1,6840000,1000.0,0,0,0,0,0,0,0,0,0,1,4000000,2270.0,0,0,0
5111,Y. S. AVINASH REDDY,YSRCP,KADAPA,10839000,1.0839,2,10839000,376.31,0,0,0,0,0,0,0,0,0,0,0,0,0,0,0
5294,KUNDURU RAGHUVEER,INC,NALGONDA,10538750,1.0539,4,6271130,997.0,1,217620,2790.0,0,0,0,0,0,0,1,4050000,0,0,0,0
7481,RAVINDRA DATTARAM WAIKAR,Shiv Sena,MUMBAI NORTH - WEST,10536600,1.0537,2,10036600,1498.0,0,0,0,0,0,0,0,0,0,0,0,0,2,500000,0
8414,VARUN CHAUDHRY,INC,AMBALA (SC),10438000,1.0438,4,10350000,1600.0,2,88000,1000.0,0,0,0,0,0,0,0,0,0,0,0,0
3393,DR. PRABHA MALLIKARJUN,INC,DAVANAGERE,10080989,1.0081,1,10080989,4141.528,0,0,0,0,0,0,0,0,0,0,0,0,0,0,0
8040,APARAJITA SARANGI,BJP,BHUBANESWAR,10075000,1.0075,3,10075000,1550.0,0,0,0,0,0,0,0,0,0,0,0,0,0,0,0
5057,SHAMBHAVI,Lok Janshakti Party(Ram Vilas),SAMASTIPUR (SC),10059018,1.0059,1,322848,40.0,0,0,0,0,0,0,0,0,0,2,9736170,1404.362,0,0,0
181,KARTI P CHIDAMBARAM,INC,SIVAGANGA,10038059,1.0038,2,5631574,1767.846,1,2306296,28721.0,2,1284189,0,0,0,0,0,0,0,1,816000,0
877,RUCHI VIRA,SP,MORADABAD,10020000,1.002,1,9600000,1600.0,1,420000,6000.0,0,0,0,0,0,0,0,0,0,0,0,0
5077,ASHOK KUMAR RAWAT,BJP,MISRIKH (SC),9750000,0.975,0,0,0,0,0,0,0,0,0,0,0,0,2,9750000,5250.0,0,0,0
3595,PARSHOTTAMBHAI RUPALA,BJP,RAJKOT,9681591,0.9682,2,8439655,1435.494,4,1241936,18780.19,0,0,0,0,0,0,0,0,0,0,0,0
5170,ANIL FIROJIYA,BJP,UJJAIN (SC),9484500,0.9485,3,8999500,1200.0,2,485000,5871.0,0,0,0,0,0,0,0,0,0,0,0,0
360,BHUPENDER YADAV,BJP,ALWAR,9406582,0.9407,2,8840000,1300.0,1,76582,1000.0,1,490000,0,0,0,0,0,0,0,0,0,0
7179,AJENDRA SINGH LODHI,SP,HAMIRPUR,9107500,0.9107,2,8740000,1150.0,1,350000,5000.0,0,0,0,0,0,0,1,17500,250.0,0,0,0
1451,MURASOLI S,DMK,THANJAVUR,9033450,0.9033,3,8800000,1206.636,1,233450,3335.0,0,0,0,0,0,0,0,0,0,0,0,0
134,SELVAM. G,DMK,KANCHEEPURAM (SC),9000000,0.9,5,9000000,1800.0,0,0,0,0,0,0,0,0,0,0,0,0,0,0,0
2408,AASHTIKAR PATIL NAGESH BAPURAO,ShivSena (Uddhav Balasaheb Thackeray),HINGOLI,9000000,0.9,2,9000000,1500.0,0,0,0,0,0,0,0,0,0,0,0,0,0,0,0
5128,KESINENI SIVANATH (CHINNI),TDP,VIJAYAWADA,8944500,0.8944,1,8944500,1335.0,0,0,0,0,0,0,0,0,0,0,0,0,0,0,0
5236,ARUNA. D. K,BJP,MAHBUBNAGAR,8932000,0.8932,1,8932000,1540.0,0,0,0,0,0,0,0,0,0,0,0,0,0,0,0
869,CHANDAN CHAUHAN,Rashtriya Lok Dal,BIJNOR,8787900,0.8788,2,7505400,1260.0,3,1282500,1700.0,0,0,0,0,0,0,0,0,0,0,0,0
5217,ANAND KUMAR,BJP,BAHRAICH (SC),8738000,0.8738,4,8588000,1130.0,1,150000,2000.0,0,0,0,0,0,0,0,0,0,0,0,0
329,NITIN JAIRAM GADKARI,BJP,NAGPUR,8712352,0.8712,3,8712352,1330.13,0,0,0,0,0,0,0,0,0,0,0,0,0,0,0
554,M.K. VISHNUPRASAD,INC,CUDDALORE,8638060,0.8638,2,4638060,756.0,1,4000000,5000.0,0,0,0,0,0,0,0,0,0,0,0,0
3398,RADHAKRISHNA,INC,GULBARGA (SC),8527025,0.8527,2,1450100,17000.0,0,0,0,0,0,0,0,0,0,2,7076925,1065.0,0,0,0
7990,KHAN SAUMITRA,BJP,BISHNUPUR (SC),8320000,0.832,3,8320000,1280.0,0,0,0,0,0,0,0,0,0,0,0,0,0,0,0
1890,SHREYAS. M. PATEL,INC,HASSAN,8175000,0.8175,2,8100000,1650.0,1,75000,1000.0,0,0,0,0,0,0,0,0,0,0,0,0
7187,TANUJ PUNIA,INC,BARABANKI (SC),8060500,0.8061,1,4900000,700.0,1,160500,2000.0,1,3000000,0,0,0,0,0,0,0,0,0,0
7144,MANISH JAISWAL,BJP,HAZARIBAGH,8001359,0.8001,4,4921359,764.33,1,3080000,40000.0,0,0,0,0,0,0,0,0,0,0,0,0
1958,JADHAV PRATAPRAO GANPATRAO,Shiv Sena,BULDHANA,7790200,0.779,18,7790200,1295.0,0,0,0,0,0,0,0,0,0,0,0,0,0,0,0
1881,DR.K.SUDHAKAR,BJP,CHIKKBALLAPUR,7755320,0.7755,1,600000,82.271,2,1555320,30000.0,0,0,0,0,0,0,1,5600000,1000.0,0,0,0
3427,BRIJMOHAN AGRAWAL,BJP,RAIPUR,7710000,0.771,1,3210000,485.5,0,0,0,0,0,0,0,0,0,1,4500000,4600.0,0,0,0
5174,MALVIKA DEVI,BJP,KALAHANDI,7700000,0.77,2,7700000,1055.807,0,0,0,0,0,0,0,0,0,0,0,0,0,0,0
230,MANICKAM TAGORE B,INC,VIRUDHUNAGAR,7663200,0.7663,2,7663200,1240.0,0,0,0,0,0,0,0,0,0,0,0,0,0,0,0
9601,SURENDRA PRASAD YADAV,RJD,JAHANABAD,7625134,0.7625,2,7625134,2616.0,0,0,0,0,0,0,0,0,0,0,0,0,0,0,0
3084,ADV ADOOR PRAKASH,INC,ATTINGAL,7600000,0.76,2,7600000,1250.0,0,0,0,0,0,0,0,0,0,0,0,0,0,0,0
409,KULDEEP INDORA,INC,GANGANAGAR (SC),7600000,0.76,0,0,0,0,0,0,0,0,0,0,0,0,4,7600000,14340.0,0,0,0
298,IMRAN MASOOD,INC,SAHARANPUR,7595000,0.7595,2,6825000,1050.0,1,70000,1000.0,1,700000,0,0,0,0,0,0,0,0,0,0
3769,CHAVDA VINOD LAKHAMSHI,BJP,KACHCHH (SC),7496635,0.7497,4,7420135,1087.04,1,76500,1000.0,0,0,0,0,0,0,0,0,0,0,0,0
8371,UJJWAL RAMAN SINGH,INC,ALLAHABAD,7495840,0.7496,4,7367500,910.0,3,128340,1550.0,0,0,0,0,0,0,0,0,0,0,0,0
7133,RAJ BHUSHAN CHOUDHARY,BJP,MUZAFFARPUR,7488500,0.7489,3,7035000,1293.0,3,352000,4400.0,3,101500,0,0,0,0,0,0,0,0,0,0
1155,C N ANNADURAI,DMK,TIRUVANNAMALAI,7420000,0.742,3,7095000,1410.0,1,325000,3367.876,0,0,0,0,0,0,0,0,0,0,0,0
300,DHANORKAR PRATIBHA SURESH ALIAS BALUBHAU,INC,CHANDRAPUR,7392000,0.7392,4,7392000,1232.0,0,0,0,0,0,0,0,0,0,0,0,0,0,0,0
7,FAGGAN SINGH KULASTE,BJP,MANDLA (ST),7323000,0.7323,5,6387000,907.589,1,936000,13000.0,0,0,0,0,0,0,0,0,0,0,0,0
9465,SHASHANK MANI,BJP,DEORIA,7254000,0.7254,2,5814000,797.203,1,1440000,18000.0,0,0,0,0,0,0,0,0,0,0,0,0
8331,SHIV PAL SINGH PATEL (DR. S P SINGH),SP,PRATAPGARH,7201925,0.7202,2,7121625,1050.0,1,80300,832.124,0,0,0,0,0,0,0,0,0,0,0,0
1886,GOVIND MAKTHAPPA KARJOL,BJP,CHITRADURGA (SC),7182000,0.7182,0,0,0,0,0,0,0,0,0,0,0,0,1,7182000,6000.0,0,0,0
1480,ROBERT BRUCE C,INC,TIRUNELVELI,7175200,0.7175,3,7175200,1116.0,0,0,0,0,0,0,0,0,0,0,0,0,0,0,0
5162,SAVITRI THAKUR,BJP,DHAR (ST),7156800,0.7157,1,6755000,965.0,1,401800,4900.0,0,0,0,0,0,0,0,0,0,0,0,0
9528,MISHA BHARTI,RJD,PATALIPUTRA,7130000,0.713,2,6500000,1450.0,1,30000,4000.0,0,0,0,2,600000,0,0,0,0,0,0,0
7169,RAJ NATH SINGH,BJP,LUCKNOW,7007500,0.7007,3,6070000,864.847,1,937500,12500.0,0,0,0,0,0,0,0,0,0,0,0,0
5273,BHUPATHI RAJU SRINIVASA VARMA,BJP,NARSAPURAM,6980000,0.698,2,6980000,1163.0,0,0,0,0,0,0,0,0,0,0,0,0,0,0,0
417,MANJU SHARMA,BJP,JAIPUR,6979060,0.6979,1,6713600,1380.0,1,265460,4780.0,0,0,0,0,0,0,0,0,0,0,0,0
5241,DR.MALLU RAVI,INC,NAGARKURNOOL (SC),6940000,0.694,2,6440000,920.0,0,0,0,1,500000,0,0,0,0,0,0,0,0,0,0
5309,DR PRADEEP KUMAR PANIGRAHY,BJP,BERHAMPUR,6940000,0.694,4,6940000,1445.0,0,0,0,0,0,0,0,0,0,0,0,0,0,0,0
8734,GURJEET SINGH AUJLA,INC,AMRITSAR,6911667,0.6912,0,0,0,0,0,0,0,0,0,0,0,0,2,6911667,0,0,0,0
1866,P C MOHAN,BJP,BANGALORE CENTRAL,6897600,0.6898,2,6280000,1000.0,2,617600,6400.0,0,0,0,0,0,0,0,0,0,0,0,0
7285,ANNPURNA DEVI,BJP,KODARMA,6857220,0.6857,3,6857220,1242.87,0,0,0,0,0,0,0,0,0,0,0,0,0,0,0
176,SELVAGANAPATHI T M,DMK,SALEM,6846196,0.6846,0,0,0,0,0,0,0,0,0,0,0,0,1,5596196,3779.88,1,1250000,0
5102,KRISHNA PRASAD TENNETI,TDP,BAPATLA (SC),6732000,0.6732,0,0,0,0,0,0,0,0,0,0,0,0,0,0,0,2,6732000,0
5187,SATABDI ROY,AITC,BIRBHUM,6685000,0.6685,17,6685000,573.61,0,0,0,0,0,0,0,0,0,0,0,0,0,0,0
7279,RAJIV PRATAP RUDY,BJP,SARAN,6650657,0.6651,2,6650657,980.2,0,0,0,0,0,0,0,0,0,0,0,0,0,0,0
8558,DHARAMBIR SINGH,BJP,BHIWANI-MAHENDRAGARH,6650000,0.665,2,6650000,950.0,0,0,0,0,0,0,0,0,0,0,0,0,0,0,0
1836,GANESH SINGH,BJP,SATNA,6405000,0.6405,2,6405000,915.0,0,0,0,0,0,0,0,0,0,0,0,0,0,0,0
5109,B K PARTHASARATHI,TDP,HINDUPUR,6300000,0.63,4,6300000,900.0,0,0,0,0,0,0,0,0,0,0,0,0,0,0,0
7909,KAMALJEET SEHRAWAT,BJP,WEST DELHI,6300000,0.63,2,5100000,750.0,0,0,0,0,0,0,2,1200000,0,0,0,0,0,0,0
2577,MAHIMA KUMARI MEWAR,BJP,RAJSAMAND,6246000,0.6246,2,2308500,91.0,0,0,0,2,870000,94.4,2,2436000,278.2,2,631500,37.3,0,0,0
6657,BALASHOWRY VALLABHANENI,Janasena Party,MACHILIPATNAM,6175000,0.6175,2,4900000,700.0,2,1275000,15000.0,0,0,0,0,0,0,0,0,0,0,0,0
2367,ANUP SANJAY DHOTRE,BJP,AKOLA,6157900,0.6158,5,5876150,815.0,1,281750,3500.0,0,0,0,0,0,0,0,0,0,0,0,0
7097,ARVIND GANPAT SAWANT,ShivSena (Uddhav Balasaheb Thackeray),MUMBAI SOUTH,6080414,0.608,2,5162764,760.17,2,917650,11000.0,0,0,0,0,0,0,0,0,0,0,0,0
2455,VISHNU DATT SHARMA (V.D.SHARMA),BJP,KHAJURAHO,5997295,0.5997,5,5997295,970.0,0,0,0,0,0,0,0,0,0,0,0,0,0,0,0
8980,KAKOLI GHOSH DASTIDAR,AITC,BARASAT,5985000,0.5985,0,0,0,0,0,0,0,0,0,0,0,0,2,5985000,950.0,0,0,0
3607,DIMPLE YADAV,SP,MAINPURI,5976687,0.5977,0,0,0,0,0,0,0,0,0,0,0,0,1,5976687,2977.674,0,0,0
6236,AKHILESH YADAV,SP,KANNAUJ,5976687,0.5977,0,0,0,0,0,0,0,0,0,0,0,0,1,5976687,203.0,0,0,0
3647,JYOTSNA CHARANDAS MAHANT,INC,KORBA,5863104,0.5863,2,2325104,421.52,2,2723000,35000.0,0,0,0,0,0,0,0,0,0,2,815000,0
5251,G. KISHAN REDDY,BJP,SECUNDERABAD,5840000,0.584,4,5840000,800.48,0,0,0,0,0,0,0,0,0,0,0,0,0,0,0
8744,MALVINDER SINGH KANG,AAP,ANANDPUR SAHIB,5810220,0.581,4,5810220,690.0,0,0,0,0,0,0,0,0,0,0,0,0,0,0,0
5246,ARVIND DHARMAPURI,BJP,NIZAMABAD,5784250,0.5784,1,5784250,850.0,0,0,0,0,0,0,0,0,0,0,0,0,0,0,0
121,MANI. A.,DMK,DHARMAPURI,5780000,0.578,3,5780000,1156.0,0,0,0,0,0,0,0,0,0,0,0,0,0,0,0
531,VE VAITHILINGAM,INC,PUDUCHERRY,5770000,0.577,2,5070000,950.0,1,700000,10000.0,0,0,0,0,0,0,0,0,0,0,0,0
764,MUHAMMED HAMDULLAH SAYEED,INC,LAKSHADWEEP,5732130,0.5732,2,5732130,987.18,0,0,0,0,0,0,0,0,0,0,0,0,0,0,0
8760,ANURAG SINGH THAKUR,BJP,HAMIRPUR,5651000,0.5651,2,5551000,793.0,0,0,0,0,0,0,1,100000,25.0,0,0,0,0,0,0
8358,PRAVEEN PATEL,BJP,PHULPUR,5450000,0.545,2,4900000,700.0,1,300000,3108.808,0,0,0,0,0,0,1,250000,0,0,0,0
5300,G M HARISH (BALAYOGI),TDP,AMALAPURAM (SC),5415000,0.5415,2,4875000,750.0,2,540000,6000.0,0,0,0,0,0,0,0,0,0,0,0,0
4175,SANDHYA RAY,BJP,BHIND (SC),5330000,0.533,2,4500000,600.0,2,830000,10000.0,0,0,0,0,0,0,0,0,0,0,0,0
3666,DELKAR KALABEN MOHANBHAI,BJP,DADAR & NAGAR HAVELI (ST),5277900,0.5278,1,4585000,700.0,1,692900,8200.0,0,0,0,0,0,0,0,0,0,0,0,0
7209,RACHNA BANERJEE,AITC,HOOGHLY,5273594,0.5274,0,0,0,0,0,0,0,0,0,0,0,0,2,5273594,1055.0,0,0,0
9008,ABHISHEK BANERJEE,AITC,DIAMOND HARBOUR,5222942,0.5223,3,4910652,738.0,3,312290,3734.611,0,0,0,0,0,0,0,0,0,0,0,0
3735,DINESHBHAI MAKWANA (ADVOCATE),BJP,AHMEDABAD WEST (SC),5038300,0.5038,2,4575000,750.0,2,463300,8500.0,0,0,0,0,0,0,0,0,0,0,0,0
8774,PANKAJ CHAUDHARY,BJP,MAHARAJGANJ,5034000,0.5034,3,4935000,692.947,1,99000,1100.0,0,0,0,0,0,0,0,0,0,0,0,0
5238,EATALA RAJENDER,BJP,MALKAJGIRI,5000000,0.5,1,5000000,1500.0,0,0,0,0,0,0,0,0,0,0,0,0,0,0,0
7296,JUAL ORAM,BJP,SUNDARGARH (ST),4987500,0.4988,3,4897500,790.0,3,90000,1000.0,0,0,0,0,0,0,0,0,0,0,0,0
7890,LOVELY ANAND,JD(U),SHEOHAR,4965000,0.4965,2,4875000,700.0,1,90000,900.0,0,0,0,0,0,0,0,0,0,0,0,0
7933,ADHIKARI DEEPAK (DEV),AITC,GHATAL,4918582,0.4919,1,4918582,2200.0,0,0,0,0,0,0,0,0,0,0,0,0,0,0,0
4319,TATKARE SUNIL DATTATREY,NCP,RAIGAD,4875682,0.4876,1,4087162,622.0,0,0,0,0,0,0,0,0,0,1,788520,120.0,0,0,0
5125,GURUMOORTHY MADDILA,YSRCP,THIRUPATHI (SC),4866800,0.4867,4,4843800,702.0,2,23000,250.0,0,0,0,0,0,0,0,0,0,0,0,0
8053,DHARMENDRA PRADHAN,BJP,SAMBALPUR,4850000,0.485,0,0,0,0,0,0,0,0,0,0,0,0,2,4850000,13200.0,0,0,0
5123,P V MIDHUN REDDY,YSRCP,RAJAMPET,4829450,0.4829,2,4829450,1386.0,0,0,0,0,0,0,0,0,0,0,0,0,0,0,0
8884,DR. RAJ KUMAR CHABBEWAL,AAP,HOSHIARPUR (SC),4818000,0.4818,2,4818000,660.0,0,0,0,0,0,0,0,0,0,0,0,0,0,0,0
16,ARUN NEHRU,DMK,PERAMBALUR,4800000,0.48,2,4800000,658.166,0,0,0,0,0,0,0,0,0,0,0,0,0,0,0
5105,PUTTA MAHESH KUMAR,TDP,ELURU,4751614,0.4752,2,4751614,713.0,0,0,0,0,0,0,0,0,0,0,0,0,0,0,0
8397,BABU SINGH KUSHWAHA,SP,JAUNPUR,4725000,0.4725,2,4575000,750.0,1,150000,2000.0,0,0,0,0,0,0,0,0,0,0,0,0
9413,AVIMANYU SETHI,BJP,BHADRAK (SC),4699500,0.4699,4,4699500,721.369,0,0,0,0,0,0,0,0,0,0,0,0,0,0,0
3774,HARIBHAI PATEL,BJP,MAHESANA,4692320,0.4692,2,4667320,738.57,1,25000,373.0,0,0,0,0,0,0,0,0,0,0,0,0
317,DR. KIRSAN NAMDEO,INC,GADCHIROLI - CHIMUR (ST),4687760,0.4688,2,4687760,710.0,0,0,0,0,0,0,0,0,0,0,0,0,0,0,0
1,DR. RAJESH MISHRA,BJP,SIDHI,4621620,0.4622,3,4461620,638.449,0,0,0,0,0,0,0,0,0,1,160000,2000.0,0,0,0
1695,VIVEK THAKUR,BJP,NAWADA,4586230,0.4586,4,3903640,665.0,4,257590,3600.0,2,425000,0,0,0,0,0,0,0,0,0,0
5302,TANGELLA UDAY SRINIVAS (TEA TIME UDAY),Janasena Party,KAKINADA,4579448,0.4579,4,4146948,613.0,2,432500,5000.0,0,0,0,0,0,0,0,0,0,0,0,0
1712,JUGAL KISHORE,BJP,JAMMU,4500000,0.45,3,4500000,617.029,0,0,0,0,0,0,0,0,0,0,0,0,0,0,0
587,BUNTY VIVEK SAHU,BJP,CHHINDWARA,4488400,0.4488,4,4128750,715.0,4,359650,404.85,0,0,0,0,0,0,0,0,0,0,0,0
3633,RAJESH VERMA,Lok Janshakti Party(Ram Vilas),KHAGARIA,4464546,0.4465,3,4177017,723.0,3,287529,10410.0,0,0,0,0,0,0,0,0,0,0,0,0
8546,SELJA,INC,SIRSA (SC),4457676,0.4458,1,4457676,611.227,0,0,0,0,0,0,0,0,0,0,0,0,0,0,0
2287,RAJMOHAN UNNITHAN,INC,KASARAGOD,4399200,0.4399,1,4399200,800.0,0,0,0,0,0,0,0,0,0,0,0,0,0,0,0
1923,ARUN GOVIL,BJP,MEERUT,4382342,0.4382,2,4382342,820.0,0,0,0,0,0,0,0,0,0,0,0,0,0,0,0
4448,SHIVRAJ SINGH CHOUHAN,BJP,VIDISHA,4250000,0.425,2,4250000,631.0,0,0,0,0,0,0,0,0,0,0,0,0,0,0,0
5087,DR. SHARMILA SARKAR,AITC,BARDHAMAN PURBA (SC),4200000,0.42,2,1260000,172.768,0,0,0,0,0,0,0,0,0,1,2940000,0,0,0,0
8728,SUKHJINDER SINGH RANDHAWA,INC,GURDASPUR,4200000,0.42,2,4200000,800.0,0,0,0,0,0,0,0,0,0,0,0,0,0,0,0
3430,RAJPALSINH MAHENDRASINH JADAV,BJP,PANCHMAHAL,4174000,0.4174,0,0,0,2,324000,4000.0,0,0,0,0,0,0,0,0,0,2,3850000,0
2512,DR. MAHESH SHARMA,BJP,GAUTAM BUDDHA NAGAR,4171711,0.4172,4,4079461,559.367,2,92250,955.959,0,0,0,0,0,0,0,0,0,0,0,0
5060,RAJIV RANJAN SINGH ALIAS LALAN SINGH,JD(U),MUNGER,4133000,0.4133,0,0,0,0,0,0,0,0,0,0,0,0,2,4133000,4055.0,0,0,0
7852,DR.SANJAY JAISWAL,BJP,PASCHIM CHAMPARAN,4125000,0.4125,4,4065000,650.0,1,60000,900.0,0,0,0,0,0,0,0,0,0,0,0,0
5248,VAMSI KRISHNA GADDAM,INC,PEDDAPALLE (SC),4080000,0.408,2,4080000,600.0,0,0,0,0,0,0,0,0,0,0,0,0,0,0,0
2193,SUNIL BOSE,INC,CHAMARAJANAGAR (SC),4074400,0.4074,1,3844000,630.0,1,230400,3200000.0,0,0,0,0,0,0,0,0,0,0,0,0
8766,SURESH KUMAR KASHYAP,BJP,SHIMLA (SC),4015000,0.4015,2,3975000,530.0,1,40000,500.0,0,0,0,0,0,0,0,0,0,0,0,0
1969,AMAR SHARADRAO KALE,Nationalist Congress Party – Sharadchandra Pawar,WARDHA,3996000,0.3996,2,3996000,666.0,0,0,0,0,0,0,0,0,0,0,0,0,0,0,0
5079,JITENDRA KUMAR DOHARE,SP,ETAWAH (SC),3985000,0.3985,2,3800000,700.0,0,0,0,0,0,0,0,0,0,0,0,0,3,185000,0
1831,RAHUL SINGH LODHI,BJP,DAMOH,3909840,0.391,1,650000,89.127,0,0,0,0,0,0,0,0,0,1,3160000,8000.0,1,99840,0
9505,RAVI SHANKAR PRASAD,BJP,PATNA SAHIB,3891390,0.3891,2,3891390,570.0,0,0,0,0,0,0,0,0,0,0,0,0,0,0,0
5066,ANITA NAGARSINGH CHOUHAN,BJP,RATLAM (ST),3890000,0.389,3,2700000,450.0,2,1190000,17000.0,0,0,0,0,0,0,0,0,0,0,0,0
3553,RODMAL NAGAR,BJP,RAJGARH,3850000,0.385,2,3500000,770.0,2,350000,7000.0,0,0,0,0,0,0,0,0,0,0,0,0
1854,MANNA LAL RAWAT,BJP,UDAIPUR (ST),3843000,0.3843,2,2793000,420.0,1,1050000,1500.0,0,0,0,0,0,0,0,0,0,0,0,0
9114,VIJAY KUMAR DUBAY,BJP,KUSHI NAGAR,3820000,0.382,3,3820000,1807.589,0,0,0,0,0,0,0,0,0,0,0,0,0,0,0
3748,JASWANTSINH SUMANBHAI BHABHOR,BJP,DAHOD (ST),3771200,0.3771,2,3395200,485.1,2,376000,504.2,0,0,0,0,0,0,0,0,0,0,0,0
5071,SAPTAGIRI SANKAR ULAKA,INC,KORAPUT (ST),3764050,0.3764,4,3700000,555.0,3,64050,950.0,0,0,0,0,0,0,0,0,0,0,0,0
1806,SATISH KUMAR GAUTAM,BJP,ALIGARH,3733520,0.3734,2,3733520,590.0,0,0,0,0,0,0,0,0,0,0,0,0,0,0,0
1440,DR RANI SRI KUMAR,DMK,TENKASI (SC),3711000,0.3711,1,3711000,600.0,0,0,0,0,0,0,0,0,0,0,0,0,0,0,0
8745,AMRINDER SINGH RAJA WARRING,INC,LUDHIANA,3685000,0.3685,2,3685000,550.0,0,0,0,0,0,0,0,0,0,0,0,0,0,0,0
5152,NITYANAND RAI,BJP,UJIARPUR,3664800,0.3665,2,3480000,580.0,2,184800,1800.0,0,0,0,0,0,0,0,0,0,0,0,0
8738,CHARANJIT SINGH CHANNI,INC,JALANDHAR (SC),3660000,0.366,1,1000000,200.0,0,0,0,0,0,0,0,0,0,1,2660000,400.0,0,0,0
7903,MANOJ TIWARI,BJP,NORTH EAST DELHI,3646000,0.3646,4,3076000,470.0,0,0,0,0,0,0,0,0,0,0,0,0,4,570000,0
1801,KARTICK CHANDRA PAUL,BJP,RAIGANJ,3640000,0.364,3,3290000,625.0,0,0,0,0,0,0,1,350000,0,0,0,0,0,0,0
7349,DR. HEMANT VISHNU SAVARA,BJP,PALGHAR (ST),3605000,0.3605,2,3605000,515.0,0,0,0,0,0,0,0,0,0,0,0,0,0,0,0
45,BHARTI PARDHI,BJP,BALAGHAT,3600900,0.3601,1,3375000,500.0,1,225900,3000.0,0,0,0,0,0,0,0,0,0,0,0,0
8748,AMAR SINGH,INC,FATEHGARH SAHIB (SC),3575000,0.3575,2,3150000,450.0,1,125000,1500.0,0,0,0,1,300000,0,0,0,0,0,0,0
1936,SANTOSH PANDEY,BJP,RAJNANDGAON,3565000,0.3565,2,3185000,490.0,1,380000,5000.0,0,0,0,0,0,0,0,0,0,0,0,0
1894,M. MALLESH BABU,Janata Dal (Secular),KOLAR (SC),3562000,0.3562,2,3562000,764.0,0,0,0,0,0,0,0,0,0,0,0,0,0,0,0
2502,DR BHOLA SINGH,BJP,BULANDSHAHR (SC),3520000,0.352,2,3520000,1100.0,0,0,0,0,0,0,0,0,0,0,0,0,0,0,0
5104,DAGGUMALLA PRASADA RAO,TDP,CHITTOOR (SC),3510000,0.351,1,3510000,481.283,0,0,0,0,0,0,0,0,0,0,0,0,0,0,0
7190,AWADHESH PRASAD,SP,FAIZABAD,3430000,0.343,0,0,0,0,0,0,0,0,0,0,0,0,2,3430000,490.0,0,0,0
2038,BHAGIRATH CHOUDHARY,BJP,AJMER,3369900,0.337,2,2994900,447.0,1,375000,5000.0,0,0,0,0,0,0,0,0,0,0,0,0
3783,MUKESHKUMAR CHANDRAKAANT DALAL,BJP,SURAT,3369500,0.337,0,0,0,0,0,0,0,0,0,0,0,0,4,3369500,2215.0,0,0,0
6264,VISHNU DAYAL RAM,BJP,PALAMU (SC),3345170,0.3345,1,3345170,475.2,0,0,0,0,0,0,0,0,0,0,0,0,0,0,0
3930,GADDIGOUDAR PARVATGOUDA CHANDANGOUDA,BJP,BAGALKOT,3310000,0.331,3,3250000,500.0,1,60000,1000.0,0,0,0,0,0,0,0,0,0,0,0,0
2583,HARISH CHANDRA MEENA,INC,TONK-SAWAI MADHOPUR,3285000,0.3285,1,3137000,500.0,1,148000,2000.0,0,0,0,0,0,0,0,0,0,0,0,0
3502,DHAVAL LAXMANBHAI PATEL,BJP,VALSAD (ST),3285000,0.3285,3,3285000,495.0,0,0,0,0,0,0,0,0,0,0,0,0,0,0,0
3437,RAMPRIT MANDAL,JD(U),JHANJHARPUR,3262500,0.3262,2,3100000,500.0,1,162500,2500.0,0,0,0,0,0,0,0,0,0,0,0,0
8940,SHER SINGH GHUBAYA,INC,FIROZPUR,3262500,0.3262,2,3262500,450.0,0,0,0,0,0,0,0,0,0,0,0,0,0,0,0
8563,BIDYUT BARAN MAHATO,BJP,JAMSHEDPUR,3224225,0.3224,8,3217944,484.74,1,6281,85.6,0,0,0,0,0,0,0,0,0,0,0,0
2272,BENNY BEHANAN,INC,CHALAKUDY,3212000,0.3212,3,3212000,514.0,0,0,0,0,0,0,0,0,0,0,0,0,0,0,0
444,BRIJENDRA SINGH OLA,INC,JHUNJHUNU,3206000,0.3206,2,3170000,850.0,1,36000,500.0,0,0,0,0,0,0,0,0,0,0,0,0
2313,SHASHI THAROOR,INC,THIRUVANANTHAPURAM,3200000,0.32,1,3200000,543.0,0,0,0,0,0,0,0,0,0,0,0,0,0,0,0
7094,SANJAY DINA PATIL,ShivSena (Uddhav Balasaheb Thackeray),MUMBAI NORTH - EAST,3181995,0.3182,4,3181995,465.0,0,0,0,0,0,0,0,0,0,0,0,0,0,0,0
5214,MUKESH RAJPUT,BJP,FARRUKHABAD,3162000,0.3162,2,3150000,350.0,1,12000,150.0,0,0,0,0,0,0,0,0,0,0,0,0
454,HANUMAN BENIWAL,Rashtriya Loktantrik Party,NAGAUR,3150000,0.315,2,3150000,525.0,0,0,0,0,0,0,0,0,0,0,0,0,0,0,0
3586,NEERAJ MAURYA,SP,AONLA,3090000,0.309,3,1830000,267.825,0,0,0,1,1100000,0,0,0,0,1,160000,0,0,0,0
9677,CHAVAN RAVINDRA VASANTRAO,INC,NANDED : BYE ELECTION ON 20-11-2024,3089287,0.3089,3,3054850,660.0,1,34437,1450.0,0,0,0,0,0,0,0,0,0,0,0,0
1702,ABHAY KUMAR SINHA,RJD,AURANGABAD,3021900,0.3022,2,2976000,480.0,1,45900,475.648,0,0,0,0,0,0,0,0,0,0,0,0
3386,E. TUKARAM,INC,BELLARY (ST),3019630,0.302,4,3019630,1070.0,0,0,0,0,0,0,0,0,0,0,0,0,0,0,0
5323,BHUMARE SANDIPANRAO ASARAM,Shiv Sena,AURANGABAD,3006450,0.3006,2,3006450,412.238,0,0,0,0,0,0,0,0,0,0,0,0,0,0,0
3121,SHAFI PARAMBIL,INC,VADAKARA,3000000,0.3,2,3000000,16.0,0,0,0,0,0,0,0,0,0,0,0,0,0,0,0
7088,BACHHAV SHOBHA DINESH,INC,DHULE,3000000,0.3,2,3000000,500.0,0,0,0,0,0,0,0,0,0,0,0,0,0,0,0
970,DR JAYANTA KUMAR ROY,BJP,JALPAIGURI (SC),3000000,0.3,4,3000000,500.0,0,0,0,0,0,0,0,0,0,0,0,0,0,0,0
2275,ADV. DEAN KURIAKOSE,INC,IDUKKI,2985400,0.2985,3,2985400,409.351,0,0,0,0,0,0,0,0,0,0,0,0,0,0,0
8,DR JITENDRA SINGH,BJP,UDHAMPUR,2980000,0.298,2,2980000,408.611,0,0,0,0,0,0,0,0,0,0,0,0,0,0,0
5069,GYANESHWAR PATIL,BJP,KHANDWA,2963900,0.2964,2,2923900,447.0,1,40000,500.0,0,0,0,0,0,0,0,0,0,0,0,0
6044,MURLIDHAR MOHOL,BJP,PUNE,2945235,0.2945,4,2945235,410.0,0,0,0,0,0,0,0,0,0,0,0,0,0,0,0
9428,AFZAL ANSARI,SP,GHAZIPUR,2940000,0.294,2,2820000,390.0,1,120000,1500.0,0,0,0,0,0,0,0,0,0,0,0,0
2025,CHANDRA PRAKASH JOSHI,BJP,CHITTORGARH,2939850,0.294,4,2847350,410.0,1,92500,1250.0,0,0,0,0,0,0,0,0,0,0,0,0
2743,DAMODAR AGARWAL,BJP,BHILWARA,2932300,0.2932,2,2932300,413.0,0,0,0,0,0,0,0,0,0,0,0,0,0,0,0
7905,YOGENDER CHANDOLIYA,BJP,NORTH WEST DELHI (SC),2909500,0.2909,1,109500,15.0,0,0,0,0,0,0,0,0,0,2,2800000,401.0,0,0,0
3782,SHOBHANABEN MAHENDRASINH BARAIYA,BJP,SABARKANTHA,2872500,0.2873,2,2677500,450.0,2,195000,2500.0,0,0,0,0,0,0,0,0,0,0,0,0
3849,OMPRAKASH BHUPALSINH ALIAS PAVAN RAJENIMBALKAR,ShivSena (Uddhav Balasaheb Thackeray),OSMANABAD,2830037,0.283,2,2781317,413.026,0,0,0,0,0,0,0,0,0,1,48720,0,0,0,0
3793,SAGAR ESHWAR KHANDRE,INC,BIDAR,2800000,0.28,1,2800000,400.0,0,0,0,0,0,0,0,0,0,0,0,0,0,0,0
5114,DR BYREDDY SHABARI,TDP,NANDYAL,2800000,0.28,0,0,0,0,0,0,0,0,0,0,0,0,0,0,0,2,2800000,0
3590,TOKHAN SAHU,BJP,BILASPUR,2777500,0.2777,4,2590000,370.0,0,0,0,0,0,0,0,0,0,2,187500,2500.0,0,0,0
3137,ADV K FRANCIS GEORGE,Kerala Congress,KOTTAYAM,2743055,0.2743,2,2743055,433.0,0,0,0,0,0,0,0,0,0,0,0,0,0,0,0
3452,HASMUKHBHAI PATEL (H.S.PATEL),BJP,AHMEDABAD EAST,2737000,0.2737,2,2737000,460.0,0,0,0,0,0,0,0,0,0,0,0,0,0,0,0
5395,GODAM NAGESH,BJP,ADILABAD (ST),2736000,0.2736,4,2736000,360.0,0,0,0,0,0,0,0,0,0,0,0,0,0,0,0
5230,BANDI SANJAY KUMAR,BJP,KARIMNAGAR,2708000,0.2708,0,0,0,1,300000,3108.808,0,0,0,0,0,0,0,0,0,1,2408000,0
1575,SUDHA R,INC,MAYILADUTHURAI,2700000,0.27,1,2700000,480.0,0,0,0,0,0,0,0,0,0,0,0,0,0,0,0
39,CHANDRASHEKHAR,Aazad Samaj Party (Kanshi Ram),NAGINA (SC),2700000,0.27,2,2700000,450.0,0,0,0,0,0,0,0,0,0,0,0,0,0,0,0
8150,RAM PRASAD CHAUDHARY,SP,BASTI,2693320,0.2693,2,2632000,376.0,1,61320,370.0,0,0,0,0,0,0,0,0,0,0,0,0
5252,KADIYAM KAVYA,INC,WARANGAL (SC),2661400,0.2661,4,2661400,350.0,0,0,0,0,0,0,0,0,0,0,0,0,0,0,0
3400,K. RAJASHEKAR BASAVARAJ HITNAL,INC,KOPPAL,2653642,0.2654,2,2508039,1275.0,1,108400,2500.0,0,0,0,0,0,0,0,0,0,1,37203,0
164,MATHESWARAN V S,DMK,NAMAKKAL,2650000,0.265,2,2650000,363.362,0,0,0,0,0,0,0,0,0,0,0,0,0,0,0
4100,RAKIBUL HUSSAIN,INC,DHUBRI,2650000,0.265,0,0,0,0,0,0,0,0,0,0,0,0,2,2650000,530.0,0,0,0
7462,NARESH GANPAT MHASKE,Shiv Sena,THANE,2615000,0.2615,2,2615000,365.0,0,0,0,0,0,0,0,0,0,0,0,0,0,0,0
401,MURARI LAL MEENA,INC,DAUSA (ST),2607800,0.2608,2,2607800,383.5,0,0,0,0,0,0,0,0,0,0,0,0,0,0,0
286,HARENDRA SINGH MALIK,SP,MUZAFFARNAGAR,2596260,0.2596,2,2520000,345.537,1,76260,790.259,0,0,0,0,0,0,0,0,0,0,0,0
7856,RADHA MOHAN SINGH,BJP,PURVI CHAMPARAN,2590000,0.259,2,2590000,350.0,0,0,0,0,0,0,0,0,0,0,0,0,0,0,0
3606,DR. HEMANG JOSHI,BJP,VADODARA,2580100,0.258,2,2513700,350.0,2,66400,800.0,0,0,0,0,0,0,0,0,0,0,0,0
9604,RABINDRA NARAYAN BEHERA,BJP,JAJPUR (SC),2575000,0.2575,2,2575000,515.0,0,0,0,0,0,0,0,0,0,0,0,0,0,0,0
3132,N K PREMACHANDRAN,Revolutionary Socialist Party,KOLLAM,2570400,0.257,2,2570400,408.0,0,0,0,0,0,0,0,0,0,0,0,0,0,0,0
9427,BAIJAYANT PANDA,BJP,KENDRAPARA,2510676,0.2511,10,970637,392.221,0,0,0,9,746612,97.95,4,225498,329.606,11,567929,250.92,0,0,0
5083,DEVENDRA SINGH ALIAS BHOLE SINGH,BJP,AKBARPUR,2500000,0.25,2,2500000,500.0,0,0,0,0,0,0,0,0,0,0,0,0,0,0,0
5297,BALRAM NAIK PORIKA,INC,MAHABUBABAD (ST),2500000,0.25,2,2500000,335.0,0,0,0,0,0,0,0,0,0,0,0,0,0,0,0
4223,RAJKUMAR CHAHAR,BJP,FATEHPUR SIKRI,2482672,0.2483,2,2429972,343.0,2,52700,650.0,0,0,0,0,0,0,0,0,0,0,0,0
3740,PARBHUBHAI NAGARBHAI VASAVA,BJP,BARDOLI (ST),2481250,0.2481,2,2469250,415.0,2,12000,350.0,0,0,0,0,0,0,0,0,0,0,0,0
2129,ROOP KUMARI CHOUDHARY,BJP,MAHASAMUND,2470000,0.247,2,2320000,318.114,1,150000,2000.0,0,0,0,0,0,0,0,0,0,0,0,0
2710,RAJESH RANJAN ALIAS PAPPU YADAV,IND,PURNIA,2465500,0.2465,3,2465500,364.0,0,0,0,0,0,0,0,0,0,0,0,0,0,0,0
1156,BIPLAB KUMAR DEB,BJP,TRIPURA WEST,2460000,0.246,5,2460000,410.0,0,0,0,0,0,0,0,0,0,0,0,0,0,0,0
997,AJAY BHATT,BJP,NAINITAL-UDHAM SINGH NAGAR,2454956,0.2455,2,2286618,708.3,2,168338,4050.0,0,0,0,0,0,0,0,0,0,0,0,0
7899,HARSH MALHOTRA,BJP,EAST DELHI,2412700,0.2413,3,2261700,314.507,1,151000,1850.0,0,0,0,0,0,0,0,0,0,0,0,0
8425,KRISHAN PAL,BJP,FARIDABAD,2408000,0.2408,2,2408000,350.0,0,0,0,0,0,0,0,0,0,0,0,0,0,0,0
5116,LAVU SRIKRISHNA DEVARAYALU,TDP,NARSARAOPET,2394460,0.2394,2,1519780,1030.0,1,874680,20000.0,0,0,0,0,0,0,0,0,0,0,0,0
6335,BALABHADRA MAJHI,BJP,NABARANGPUR (ST),2379000,0.2379,4,2254000,322.0,0,0,0,1,125000,0,0,0,0,0,0,0,0,0,0
9348,RAJEEV RAI,SP,GHOSI,2353750,0.2354,3,2230000,390.0,1,123750,1500.0,0,0,0,0,0,0,0,0,0,0,0,0
3537,DHAIRYASHEEL SAMBHAJIRAO MANE,Shiv Sena,HATKANANGALE,2344710,0.2345,3,2344710,346.0,0,0,0,0,0,0,0,0,0,0,0,0,0,0,0
8151,JAGDAMBIKA PAL,BJP,DOMARIYAGANJ,2341818,0.2342,1,2329600,2080.0,0,0,0,0,0,0,0,0,0,1,12218,4500.0,0,0,0
5206,ARUN KUMAR SAGAR,BJP,SHAHJAHANPUR (SC),2340000,0.234,3,2340000,390.0,0,0,0,0,0,0,0,0,0,0,0,0,0,0,0
3455,MANSUKHBHAI DHANJIBHAI VASAVA,BJP,BHARUCH,2328000,0.2328,2,2280000,80.0,2,48000,600.0,0,0,0,0,0,0,0,0,0,0,0,0
8140,DAROGA PRASAD SAROJ,SP,LALGANJ (SC),2310000,0.231,2,2270000,320.0,1,40000,500.0,0,0,0,0,0,0,0,0,0,0,0,0
7896,PRAVEEN KHANDELWAL,BJP,CHANDNI CHOWK,2300000,0.23,2,2200000,340.0,1,100000,1500.0,0,0,0,0,0,0,0,0,0,0,0,0
7112,SHANTANU THAKUR,BJP,BANGAON (SC),2293750,0.2294,2,2293750,320.0,0,0,0,0,0,0,0,0,0,0,0,0,0,0,0
7977,ARUP CHAKRABORTY,AITC,BANKURA,2275000,0.2275,2,2275000,350.0,0,0,0,0,0,0,0,0,0,0,0,0,0,0,0
5376,SWAMI SACHCHIDANAND HARI SAKSHI,BJP,UNNAO,2271480,0.2271,2,2080100,713.835,1,76150,10000.0,0,0,0,0,0,0,0,0,0,1,115230,0
3554,BHARAT SINGH KUSHWAH,BJP,GWALIOR,2241000,0.2241,2,2170000,326.0,1,71000,1000.0,0,0,0,0,0,0,0,0,0,0,0,0
4067,BHARATBHAI MANUBHAI SUTARIYA,BJP,AMRELI,2220800,0.2221,3,2220800,315.0,0,0,0,0,0,0,0,0,0,0,0,0,0,0,0
5327,DR. AMOL RAMSING KOLHE,Nationalist Congress Party – Sharadchandra Pawar,SHIRUR,2185910,0.2186,18,2185910,355.14,0,0,0,0,0,0,0,0,0,0,0,0,0,0,0
7275,ASHOK KUMAR YADAV,BJP,MADHUBANI,2135000,0.2135,2,2100000,300.0,1,28000,400.0,0,0,0,0,0,0,0,0,0,2,7000,0
9567,MANOJ KUMAR,INC,SASARAM (SC),2135000,0.2135,2,2100000,300.0,1,35000,500.0,0,0,0,0,0,0,0,0,0,0,0,0
9560,SUDHAKAR SINGH,RJD,BUXAR,2086000,0.2086,2,2044000,292.0,1,42000,500.0,0,0,0,0,0,0,0,0,0,0,0,0
9616,BIBHU PRASAD TARAI,BJP,JAGATSINGHPUR (SC),2085000,0.2085,2,2060000,340.0,1,25000,200.0,0,0,0,0,0,0,0,0,0,0,0,0
8791,RAVINDRA SHUKLA ALIAS RAVI KISHAN,BJP,GORAKHPUR,2043038,0.2043,2,1557600,528.0,1,485438,5030.446,0,0,0,0,0,0,0,0,0,0,0,0
395,RAHUL KASWAN,INC,CHURU,2040000,0.204,2,2040000,300.0,0,0,0,0,0,0,0,0,0,0,0,0,0,0,0
5160,MAHENDRA SINGH SOLANKY,BJP,DEWAS (SC),2040000,0.204,4,2040000,279.72,0,0,0,0,0,0,0,0,0,0,0,0,0,0,0
675,SHYAMKUMAR DAULAT BARVE,INC,RAMTEK (SC),2037500,0.2037,2,2037500,250.0,0,0,0,0,0,0,0,0,0,0,0,0,0,0,0
3547,DR. LATA WANKHEDE,BJP,SAGAR,2030000,0.203,2,1500000,205.676,1,130000,2000.0,0,0,0,0,0,0,0,0,0,1,400000,0
8070,VEENA DEVI,Lok Janshakti Party(Ram Vilas),VAISHALI,2000000,0.2,2,2000000,400.0,0,0,0,0,0,0,0,0,0,0,0,0,0,0,0
3378,KHALILUR RAHAMAN,AITC,JANGIPUR,1990177,0.199,2,1990177,423.994,0,0,0,0,0,0,0,0,0,0,0,0,0,0,0
4321,PRANITI SUSHILKUMAR SHINDE,INC,SOLAPUR (SC),1966500,0.1966,1,1966500,300.0,0,0,0,0,0,0,0,0,0,0,0,0,0,0,0
381,ARJUN RAM MEGHWAL,BJP,BIKANER (SC),1960500,0.1961,2,1651000,260.0,2,309500,4500.0,0,0,0,0,0,0,0,0,0,0,0,0
3876,CAPTAIN VIRIATO FERNANDES,INC,SOUTH GOA,1958400,0.1958,2,1958400,288.0,0,0,0,0,0,0,0,0,0,0,0,0,0,0,0
5381,RAKESH RATHOR,INC,SITAPUR,1950000,0.195,2,1950000,280.0,0,0,0,0,0,0,0,0,0,0,0,0,0,0,0
6007,ADV GOWAAL KAGADA PADAVI,INC,NANDURBAR (ST),1915000,0.1915,4,1330000,190.0,2,585000,7500.0,0,0,0,0,0,0,0,0,0,0,0,0
7448,KRISHNA DEVI SHIVSHANKER PATEL,SP,BANDA,1915000,0.1915,2,1875000,250.0,1,40000,500.0,0,0,0,0,0,0,0,0,0,0,0,0
5132,APPALANAIDU KALISETTI,TDP,VIZIANAGARAM,1900500,0.19,3,1722500,265.0,1,178000,2000.0,0,0,0,0,0,0,0,0,0,0,0,0
3618,SHIVMANGAL SINGH TOMAR,BJP,MORENA,1900000,0.19,2,1900000,443.0,0,0,0,0,0,0,0,0,0,0,0,0,0,0,0
1225,THANGA TAMILSELVAN,DMK,THENI,1880000,0.188,3,1880000,470.0,0,0,0,0,0,0,0,0,0,0,0,0,0,0,0
3772,DEVUSINH CHAUHAN,BJP,KHEDA,1876000,0.1876,2,1876000,280.0,0,0,0,0,0,0,0,0,0,0,0,0,0,0,0
9027,BANDYOPADHYAY SUDIP,AITC,KOLKATA UTTAR,1855000,0.1855,1,1855000,254.353,0,0,0,0,0,0,0,0,0,0,0,0,0,0,0
2574,P. P. CHAUDHARY,BJP,PALI,1849154,0.1849,1,1771154,285.87,1,78000,1000.0,0,0,0,0,0,0,0,0,0,0,0,0
8120,VIJAYLAKSHMI DEVI,JD(U),SIWAN,1800000,0.18,1,1800000,250.0,0,0,0,0,0,0,0,0,0,0,0,0,0,0,0
7595,NARESH CHANDRA UTTAM PATEL,SP,FATEHPUR,1773500,0.1774,2,1668500,235.0,0,0,0,0,0,0,0,0,0,1,105000,1250.0,0,0,0
5055,GOPAL JEE THAKUR,BJP,DARBHANGA,1750851,0.1751,2,1726851,250.0,1,24000,300.0,0,0,0,0,0,0,0,0,0,0,0,0
8110,DR. ALOK KUMAR SUMAN,JD(U),GOPALGANJ (SC),1739900,0.174,2,1586000,215.0,2,153900,1900.0,0,0,0,0,0,0,0,0,0,0,0,0
3589,DILESHWAR KAMAIT,JD(U),SUPAUL,1720000,0.172,2,1656000,230.0,2,64000,800.0,0,0,0,0,0,0,0,0,0,0,0,0
8523,CHANDRA PRAKASH CHOUDHARY,AJSU Party,GIRIDIH,1717915,0.1718,5,221500,262.0,1,40400,850.0,1,1456015,0,0,0,0,0,0,0,0,0,0
7124,RAJABHAU (PARAG) PRAKASH WAJE,ShivSena (Uddhav Balasaheb Thackeray),NASHIK,1677600,0.1678,2,1677600,233.0,0,0,0,0,0,0,0,0,0,0,0,0,0,0,0
7440,KARAN BHUSHAN SINGH,BJP,KAISERGANJ,1675000,0.1675,2,1675000,250.0,0,0,0,0,0,0,0,0,0,0,0,0,0,0,0
4099,PHANI BHUSAN CHOUDHURY,Asom Gana Parishad,BARPETA,1659000,0.1659,3,1659000,220.0,0,0,0,0,0,0,0,0,0,0,0,0,0,0,0
8081,DR. VINOD KUMAR BIND,BJP,BHADOHI,1644000,0.1644,2,1562000,220.0,1,82000,1000.0,0,0,0,0,0,0,0,0,0,0,0,0
1464,SASIKANTH SENTHIL,INC,TIRUVALLUR (SC),1600000,0.16,1,1600000,250.0,0,0,0,0,0,0,0,0,0,0,0,0,0,0,0
732,KAMAKHYA PRASAD TASA,BJP,KAZIRANGA,1576050,0.1576,3,1576050,237.0,0,0,0,0,0,0,0,0,0,0,0,0,0,0,0
2279,K. SUDHAKARAN,INC,KANNUR,1550000,0.155,2,1550000,248.0,0,0,0,0,0,0,0,0,0,0,0,0,0,0,0
5080,RAMESH AWASTHI,BJP,KANPUR,1536372,0.1536,1,1536372,2569.0,0,0,0,0,0,0,0,0,0,0,0,0,0,0,0
6318,AGA SYED RUHULLAH MEHDI,Jammu & Kashmir National Conference,SRINAGAR,1510000,0.151,2,1510000,225.0,0,0,0,0,0,0,0,0,0,0,0,0,0,0,0
221,RAVIKUMAR. D,Viduthalai Chiruthaigal Katchi,VILUPPURAM (SC),1500000,0.15,1,1500000,300.0,0,0,0,0,0,0,0,0,0,0,0,0,0,0,0
8128,DHARMENDRA YADAV,SP,AZAMGARH,1500000,0.15,1,1500000,310.0,0,0,0,0,0,0,0,0,0,0,0,0,0,0,0
5716,RAMASAHAYAM RAGHURAM REDDY,INC,KHAMMAM,1486817,0.1487,2,1486817,19940.0,0,0,0,0,0,0,0,0,0,0,0,0,0,0,0
9628,PRATIMA MONDAL,AITC,JAYNAGAR (SC),1486200,0.1486,2,1370200,221.0,1,116000,1500.0,0,0,0,0,0,0,0,0,0,0,0,0
6921,KHADSE RAKSHA NIKHIL,BJP,RAVER,1470000,0.147,1,1470000,180.0,0,0,0,0,0,0,0,0,0,0,0,0,0,0,0
2323,KOTA SRINIVAS POOJARY,BJP,UDUPI CHIKMAGALUR,1467550,0.1468,5,1467550,230.0,0,0,0,0,0,0,0,0,0,0,0,0,0,0,0
5228,ASADUDDIN OWAISI,All India Majlis-E-Ittehadul Muslimeen,HYDERABAD,1441400,0.1441,1,1441400,197.642,0,0,0,0,0,0,0,0,0,0,0,0,0,0,0
7281,CHIRAG PASWAN,Lok Janshakti Party(Ram Vilas),HAJIPUR (SC),1440595,0.1441,1,1440595,250.0,0,0,0,0,0,0,0,0,0,0,0,0,0,0,0
9380,ANUPRIYA PATEL,Apna Dal (Soneylal),MIRZAPUR,1440000,0.144,2,1440000,200.0,0,0,0,0,0,0,0,0,0,0,0,0,0,0,0
3603,DABHI BHARATSINHJI SHANKARJI,BJP,PATAN,1439750,0.144,1,1105000,200.0,1,58500,750.0,0,0,0,0,0,0,1,276250,50.0,0,0,0
7158,ANITA SUBHADARSHINI,BJP,ASKA,1411000,0.1411,2,1171000,600.0,1,120000,3000.0,1,120000,0,0,0,0,0,0,0,0,0,0
3,SMT. HIMADRI SINGH,BJP,SHAHDOL (ST),1405000,0.1405,1,1270000,174.14,1,135000,3000.0,0,0,0,0,0,0,0,0,0,0,0,0
2473,DR. VIRENDRA KUMAR,BJP,TIKAMGARH (SC),1400000,0.14,1,200000,27.424,0,0,0,0,0,0,0,0,0,1,1200000,2000.0,0,0,0
9256,SARABJEET SINGH KHALSA,IND,FARIDKOT (SC),1400000,0.14,0,0,0,0,0,0,0,0,0,0,0,0,0,0,0,2,1400000,0
9665,AMRITPAL SINGH,IND,KHADOOR SAHIB,1400000,0.14,1,1400000,191.965,0,0,0,0,0,0,0,0,0,0,0,0,0,0,0
20,AJAY TAMTA,BJP,ALMORA (SC),1387000,0.1387,3,1330000,182.366,3,57000,570.0,0,0,0,0,0,0,0,0,0,0,0,0
5195,AZAD KIRTI JHA,AITC,BURDWAN - DURGAPUR,1380000,0.138,1,1380000,230.0,0,0,0,0,0,0,0,0,0,0,0,0,0,0,0
3667,PATEL UMESHBHAI BABUBHAI,IND,DAMAN & DIU,1353565,0.1354,3,1353565,211.0,0,0,0,0,0,0,0,0,0,0,0,0,0,0,0
2547,UMMEDA RAM BENIWAL,INC,BARMER,1338800,0.1339,2,1260000,172.768,2,78800,4000.0,0,0,0,0,0,0,0,0,0,0,0,0
7089,BHASKAR MURLIDHAR BHAGARE,Nationalist Congress Party – Sharadchandra Pawar,DINDORI (ST),1325000,0.1325,2,1325000,181.681,0,0,0,0,0,0,0,0,0,0,0,0,0,0,0
2211,SUKANTA MAJUMDAR,BJP,BALURGHAT,1320000,0.132,3,1320000,220.0,0,0,0,0,0,0,0,0,0,0,0,0,0,0,0
2210,PARIMAL SUKLABAIDYA,BJP,SILCHAR (SC),1297406,0.1297,4,1297406,187.0,0,0,0,0,0,0,0,0,0,0,0,0,0,0,0
3493,PROF S P SINGH BAGHEL,BJP,AGRA (SC),1280000,0.128,2,1200000,164.541,1,80000,1000.0,0,0,0,0,0,0,0,0,0,0,0,0
451,BHAJAN LAL JATAV,INC,KARAULI-DHOLPUR (SC),1245000,0.1245,2,1200000,200.0,2,45000,600.0,0,0,0,0,0,0,0,0,0,0,0,0
3093,HIBI EDEN,INC,ERNAKULAM,1224819,0.1225,3,1224819,183.0,0,0,0,0,0,0,0,0,0,0,0,0,0,0,0
8000,ANANTA NAYAK,BJP,KEONJHAR (ST),1224000,0.1224,2,1224000,180.0,0,0,0,0,0,0,0,0,0,0,0,0,0,0,0
9321,NALIN SOREN,JMM,DUMKA (ST),1214900,0.1215,2,1214900,200.0,0,0,0,0,0,0,0,0,0,0,0,0,0,0,0
8159,RAM SHIROMANI VERMA,SP,SHRAWASTI,1211000,0.1211,2,1146000,157.137,1,65000,1000.0,0,0,0,0,0,0,0,0,0,0,0,0
251,KIREN RIJIJU,BJP,ARUNACHAL WEST,1204000,0.1204,2,754000,119.982,0,0,0,0,0,0,0,0,0,0,0,0,1,450000,0
133,MALAIYARASAN D,DMK,KALLAKURICHI,1200000,0.12,0,0,0,0,0,0,0,0,0,0,0,0,0,0,0,2,1200000,0
5239,MADHAVANENI RAGHUNANDAN RAO,BJP,MEDAK,1200000,0.12,3,200000,40.0,0,0,0,1,500000,0,0,0,0,0,0,0,3,500000,0
703,THARANIVENTHAN M S,DMK,ARANI,1200000,0.12,2,1200000,320.0,0,0,0,0,0,0,0,0,0,0,0,0,0,0,0
9088,BAPI HALDAR,AITC,MATHURAPUR (SC),1200000,0.12,2,1200000,180.0,0,0,0,0,0,0,0,0,0,0,0,0,0,0,0
5211,UTKARSH VERMA (MADHUR),SP,KHERI,1191650,0.1192,0,0,0,0,0,0,0,0,0,0,0,0,0,0,0,2,1191650,0
2310,DR. M.P ABDUSSAMAD SAMADANI,Indian Union Muslim League,PONNANI,1187500,0.1187,3,1187500,200.0,0,0,0,0,0,0,0,0,0,0,0,0,0,0,0
8803,BIRENDRA SINGH,SP,CHANDAULI,1180000,0.118,2,1180000,340.0,0,0,0,0,0,0,0,0,0,0,0,0,0,0,0
1932,BHOJRAJ NAG,BJP,KANKER (ST),1041260,0.1041,2,1003760,265.878,1,37500,1000.0,0,0,0,0,0,0,0,0,0,0,0,0
6787,BASTIPATI NAGARAJU PANCHALINGALA,TDP,KURNOOL,1000000,0.1,1,1000000,137.118,0,0,0,0,0,0,0,0,0,0,0,0,0,0,0
834,SACHITHANANTHAM R,CPI(M),DINDIGUL,1000000,0.1,2,1000000,200.0,0,0,0,0,0,0,0,0,0,0,0,0,0,0,0
273,ANIL BALUNI,BJP,GARHWAL,995800,0.0996,1,995800,160.0,0,0,0,0,0,0,0,0,0,0,0,0,0,0,0
268,MAHESH KASHYAP,BJP,BASTAR (ST),982500,0.0983,2,940000,157.0,2,42500,600.0,0,0,0,0,0,0,0,0,0,0,0,0
3442,VIJAY BAGHEL,BJP,DURG,977000,0.0977,1,967000,132.593,1,10000,220.0,0,0,0,0,0,0,0,0,0,0,0,0
4084,ZIA UR REHMAN,SP,SAMBHAL,975800,0.0976,0,0,0,0,0,0,0,0,0,0,0,0,0,0,0,1,975800,0
3377,ABU TAHER KHAN,AITC,MURSHIDABAD,967733,0.0968,1,967733,150.0,0,0,0,0,0,0,0,0,0,0,0,0,0,0,0
2763,PRADYUT BORDOLOI,INC,NAGAON,960000,0.096,2,960000,160.0,0,0,0,0,0,0,0,0,0,0,0,0,0,0,0
5099,GUMMA THANUJA RANI,YSRCP,ARAKU (ST),959500,0.0959,2,787500,115.0,2,172000,2000.0,0,0,0,0,0,0,0,0,0,0,0,0
2435,JADHAV SANJAY ( BANDU ) HARIBHAU,ShivSena (Uddhav Balasaheb Thackeray),PARBHANI,950000,0.095,2,950000,130.262,0,0,0,0,0,0,0,0,0,0,0,0,0,0,0
277,TRIVENDRA SINGH RAWAT,BJP,HARIDWAR,927000,0.0927,2,927000,150.0,0,0,0,0,0,0,0,0,0,0,0,0,0,0,0
7846,SUNIL KUMAR,JD(U),VALMIKI NAGAR,925000,0.0925,2,800000,200.0,2,125000,2500.0,0,0,0,0,0,0,0,0,0,0,0,0
2229,GIRIDHARI YADAV,JD(U),BANKA,914000,0.0914,2,914000,160.0,0,0,0,0,0,0,0,0,0,0,0,0,0,0,0
1889,CAPTAIN BRIJESH CHOWTA,BJP,DAKSHINA KANNADA,900000,0.09,1,900000,137.0,0,0,0,0,0,0,0,0,0,0,0,0,0,0,0
5320,KALYAN VAIJINATHRAO KALE,INC,JALNA,874900,0.0875,2,874900,292.56,0,0,0,0,0,0,0,0,0,0,0,0,0,0,0
5058,GIRIRAJ SINGH,BJP,BEGUSARAI,860000,0.086,2,810000,135.0,1,50000,200.0,0,0,0,0,0,0,0,0,0,0,0,0
3743,NIMUBEN JAYANTIBHAI BAMBHANIYA (NIMUBEN BAMBHANIYA),BJP,BHAVNAGAR,844500,0.0844,1,840000,138.065,1,4500,60.2,0,0,0,0,0,0,0,0,0,0,0,0
5153,KALI CHARAN MUNDA,INC,KHUNTI (ST),842000,0.0842,2,842000,117.0,0,0,0,0,0,0,0,0,0,0,0,0,0,0,0
8762,DR RAJEEV BHARDWAJ,BJP,KANGRA,840000,0.084,3,840000,120.0,0,0,0,0,0,0,0,0,0,0,0,0,0,0,0
8177,JANARDAN SINGH (SIGRIWAL),BJP,MAHARAJGANJ,805000,0.0805,2,780000,120.0,1,25000,259.067,0,0,0,0,0,0,0,0,0,0,0,0
8990,SK NURUL ISLAM,AITC,BASIRHAT,800000,0.08,1,800000,130.0,0,0,0,0,0,0,0,0,0,0,0,0,0,0,0
2753,DILIP SAIKIA,BJP,DARRANG-UDALGURI,794000,0.0794,2,780000,140.0,2,14000,200.0,0,0,0,0,0,0,0,0,0,0,0,0
4548,BIJULI KALITA MEDHI,BJP,GUWAHATI,790800,0.0791,2,790800,120.6,0,0,0,0,0,0,0,0,0,0,0,0,0,0,0
8759,DR DHARAMVIRA GANDHI,INC,PATIALA,780000,0.078,1,780000,120.0,0,0,0,0,0,0,0,0,0,0,0,0,0,0,0
7157,SUKANTA KUMAR PANIGRAHI,BJP,KANDHAMAL,760500,0.0761,1,760500,117.0,0,0,0,0,0,0,0,0,0,0,0,0,0,0,0
9494,KAUSHALENDRA KUMAR,JD(U),NALANDA,760000,0.076,2,720000,120.0,1,40000,100.0,0,0,0,0,0,0,0,0,0,0,0,0
2206,KRIPANATH MALLAH,BJP,KARIMGANJ,750000,0.075,4,750000,150.0,0,0,0,0,0,0,0,0,0,0,0,0,0,0,0
3127,KODIKUNNIL SURESH,INC,MAVELIKKARA (SC),750000,0.075,4,750000,216.0,0,0,0,0,0,0,0,0,0,0,0,0,0,0,0
8026,SAMBIT PATRA,BJP,PURI,729000,0.0729,1,729000,100.0,0,0,0,0,0,0,0,0,0,0,0,0,0,0,0
3797,RAMESH JIGAJINAGI,BJP,BIJAPUR (SC),725235,0.0725,1,600000,82.271,1,116200,3000.0,0,0,0,0,0,0,0,0,0,1,9035,0
3501,CHANDUBHAI CHHAGANBHAI SHIHORA,BJP,SURENDRANAGAR,714600,0.0715,1,666600,101.0,1,48000,600.0,0,0,0,0,0,0,0,0,0,0,0,0
3668,SHRIPAD YESSO NAIK,BJP,NORTH GOA,690204,0.069,1,690204,100.0,0,0,0,0,0,0,0,0,0,0,0,0,0,0,0
1830,DURGADAS (D. D.) UIKEY,BJP,BETUL (ST),682000,0.0682,2,682000,93.514,0,0,0,0,0,0,0,0,0,0,0,0,0,0,0
7096,GAIKWAD VARSHA EKNATH,INC,MUMBAI NORTH - CENTRAL,673300,0.0673,2,673300,100.0,0,0,0,0,0,0,0,0,0,0,0,0,0,0,0
8557,SATPAL BRAHAMCHARI,INC,SONIPAT,629000,0.0629,1,455000,70.0,1,174000,2000.0,0,0,0,0,0,0,0,0,0,0,0,0
4024,PRIYANKA SATISH JARKIHOLI,INC,CHIKKODI,624070,0.0624,1,624070,100.0,0,0,0,0,0,0,0,0,0,0,0,0,0,0,0
8469,DULU MAHATO,BJP,DHANBAD,603799,0.0604,3,523799,81.786,1,80000,1000.0,0,0,0,0,0,0,0,0,0,0,0,0
1264,JOTHIMANI. S,INC,KARUR,600000,0.06,1,600000,240.0,0,0,0,0,0,0,0,0,0,0,0,0,0,0,0
3423,DINESH CHANDRA YADAV,JD(U),MADHEPURA,588000,0.0588,0,0,0,0,0,0,0,0,0,0,0,0,2,588000,295.0,0,0,0
7941,KALIPADA SAREN KHERWAL,AITC,JHARGRAM (ST),583310,0.0583,1,544310,83.74,0,0,0,0,0,0,1,39000,6.38,0,0,0,0,0,0
8073,RAMBHUAL NISHAD,SP,SULTANPUR,565000,0.0565,3,525000,75.0,1,40000,500.0,0,0,0,0,0,0,0,0,0,0,0,0
3375,KHAGEN MURMU,BJP,MALDAHA UTTAR,552300,0.0552,2,552300,84.0,0,0,0,0,0,0,0,0,0,0,0,0,0,0,0
741,RANJIT DUTTA,BJP,SONITPUR,550000,0.055,4,550000,88.0,0,0,0,0,0,0,0,0,0,0,0,0,0,0,0
1771,RAJ KUMAR ROAT,Bharat Adivasi Party,BANSWARA (ST),548000,0.0548,1,150000,30.0,0,0,0,0,0,0,0,0,0,1,398000,670.0,0,0,0
9447,SANATAN PANDEY,SP,BALLIA,530500,0.053,2,490000,70.0,1,40500,500.0,0,0,0,0,0,0,0,0,0,0,0,0
1930,AJAY KUMAR MANDAL,JD(U),BHAGALPUR,528000,0.0528,1,528000,72.398,0,0,0,0,0,0,0,0,0,0,0,0,0,0,0
533,S JAGATHRATCHAKAN,DMK,ARAKKONAM,525000,0.0525,1,525000,84.0,0,0,0,0,0,0,0,0,0,0,0,0,0,0,0
8387,LAXMIKANT PAPPU NISHAD,SP,SANT KABIR NAGAR,525000,0.0525,2,490000,42.393,1,35000,500.0,0,0,0,0,0,0,0,0,0,0,0,0
13,MANOJ TIGGA,BJP,ALIPURDUARS (ST),520000,0.052,3,520000,71.302,0,0,0,0,0,0,0,0,0,0,0,0,0,0,0
1855,M. K. RAGHAVAN,INC,KOZHIKODE,520000,0.052,2,520000,104.0,0,0,0,0,0,0,0,0,0,0,0,0,0,0,0
9098,CHHOTELAL,SP,ROBERTSGANJ (SC),520000,0.052,5,480000,80.0,1,40000,500.0,0,0,0,0,0,0,0,0,0,0,0,0
7173,NARAYAN DAS AHIRWAR,SP,JALAUN (SC),519425,0.0519,2,499100,68.882,1,20325,250.0,0,0,0,0,0,0,0,0,0,0,0,0
204,K SUBBARAYAN,CPI,TIRUPPUR,517440,0.0517,1,517440,120.0,0,0,0,0,0,0,0,0,0,0,0,0,0,0,0
2094,JANARDAN MISHRA S/O Ramdhar Prasad Mishra,BJP,REWA,515000,0.0515,1,65000,8.913,0,0,0,0,0,0,0,0,0,1,450000,1000.0,0,0,0
7195,PRASUN BANERJEE,AITC,HOWRAH,490000,0.049,1,490000,70.0,0,0,0,0,0,0,0,0,0,0,0,0,0,0,0
239,PRADAN BARUAH,BJP,LAKHIMPUR,455000,0.0455,1,455000,70.0,0,0,0,0,0,0,0,0,0,0,0,0,0,0,0
1678,JITAN RAM MANJHI,Hindustani Awam Morcha (Secular),GAYA (SC),454500,0.0454,1,378000,150.0,1,76500,1000.0,0,0,0,0,0,0,0,0,0,0,0,0
2557,LUMBARAM,BJP,JALORE,450000,0.045,2,450000,75.0,0,0,0,0,0,0,0,0,0,0,0,0,0,0,0
371,SANJNA JATAV,INC,BHARATPUR (SC),430000,0.043,1,80000,10.969,0,0,0,0,0,0,0,0,0,1,350000,500.0,0,0,0
7651,RAHUL GANDHI,INC,RAE BARELI,420850,0.0421,1,420850,333.3,0,0,0,0,0,0,0,0,0,0,0,0,0,0,0
3697,ANOOP PRADHAN BALMIKI,BJP,HATHRAS (SC),397000,0.0397,2,397000,60.0,0,0,0,0,0,0,0,0,0,0,0,0,0,0,0
5202,JAGANNATH SARKAR,BJP,RANAGHAT (SC),385000,0.0385,2,385000,50.0,0,0,0,0,0,0,0,0,0,0,0,0,0,0,0
7950,JUNE MALIAH,AITC,MEDINIPUR,360685,0.0361,1,360685,60.0,0,0,0,0,0,0,0,0,0,0,0,0,0,0,0
3766,CHUDASAMA RAJESHBHAI NARANBHAI,BJP,JUNAGADH,360000,0.036,2,360000,60.0,0,0,0,0,0,0,0,0,0,0,0,0,0,0,0
5328,NILESH DNYANDEV LANKE,Nationalist Congress Party – Sharadchandra Pawar,AHMEDNAGAR,353350,0.0353,2,353350,50.0,0,0,0,0,0,0,0,0,0,0,0,0,0,0,0
476,AMRARAM,CPI(M),SIKAR,350000,0.035,1,350000,65.0,0,0,0,0,0,0,0,0,0,0,0,0,0,0,0
337,ANGOMCHA BIMOL AKOIJAM,INC,INNER MANIPUR,341000,0.0341,2,341000,50.0,0,0,0,0,0,0,0,0,0,0,0,0,0,0,0
5163,SHANKAR LALWANI,BJP,INDORE,327600,0.0328,1,327600,60.0,0,0,0,0,0,0,0,0,0,0,0,0,0,0,0
7148,PRADEEP PUROHIT,BJP,BARGARH,288894,0.0289,2,288894,40.0,0,0,0,0,0,0,0,0,0,0,0,0,0,0,0
8974,NARENDRA MODI,BJP,VARANASI,267750,0.0268,1,267750,45.0,0,0,0,0,0,0,0,0,0,0,0,0,0,0,0
3627,PRADEEP KUMAR SINGH,BJP,ARARIA,250000,0.025,2,250000,50.0,0,0,0,0,0,0,0,0,0,0,0,0,0,0,0
7213,MITALI BAG,AITC,ARAMBAG (SC),240000,0.024,1,240000,40.0,0,0,0,0,0,0,0,0,0,0,0,0,0,0,0
289,IQRA CHOUDHARY,SP,KAIRANA,237000,0.0237,1,237000,35.0,0,0,0,0,0,0,0,0,0,0,0,0,0,0,0
5157,JOBA MAJHI,JMM,SINGHBHUM (ST),224000,0.0224,2,224000,35.0,0,0,0,0,0,0,0,0,0,0,0,0,0,0,0
484,INDRA HANG SUBBA,Sikkim Krantikari Morcha,SIKKIM,219000,0.0219,1,219000,30.029,0,0,0,0,0,0,0,0,0,0,0,0,0,0,0
9587,RAJA RAM SINGH,CPI(ML)(L),KARAKAT,215200,0.0215,1,210000,35.0,1,5200,80.0,0,0,0,0,0,0,0,0,0,0,0,0
6277,SUKHDEO BHAGAT,INC,LOHARDAGA (ST),190400,0.019,2,190400,28.0,0,0,0,0,0,0,0,0,0,0,0,0,0,0,0
3672,JOYANTA BASUMATARY,"United Peoples Party, Liberal",KOKRAJHAR (ST),178180,0.0178,4,178180,389.5,0,0,0,0,0,0,0,0,0,0,0,0,0,0,0
7521,KISHORI LAL,INC,AMETHI,140000,0.014,1,140000,185.0,0,0,0,0,0,0,0,0,0,0,0,0,0,0,0
259,SARBANANDA SONOWAL,BJP,DIBRUGARH,135000,0.0135,1,135000,30.0,0,0,0,0,0,0,0,0,0,0,0,0,0,0,0
5192,ASIT KUMAR MAL,AITC,BOLPUR,133000,0.0133,1,133000,18.237,0,0,0,0,0,0,0,0,0,0,0,0,0,0,0
902,MOHIBBULLAH,SP,RAMPUR,100000,0.01,1,100000,20.0,0,0,0,0,0,0,0,0,0,0,0,0,0,0,0
2268,K.RADHAKRISHNAN,CPI(M),ALATHUR (SC),90000,0.009,1,90000,15.0,0,0,0,0,0,0,0,0,0,0,0,0,0,0,0
7591,ABDUL RASHID SHEIKH,IND,BARAMULLA,76000,0.0076,2,76000,25.0,0,0,0,0,0,0,0,0,0,0,0,0,0,0,0
7912,ABHIJIT GANGOPADHYAY,BJP,TAMLUK,75000,0.0075,0,0,0,0,0,0,0,0,0,1,75000,10.0,0,0,0,0,0,0
9062,SAYANI GHOSH,AITC,JADAVPUR,58500,0.0059,1,58500,8.0,0,0,0,0,0,0,0,0,0,0,0,0,0,0,0
1833,DARSHAN SINGH CHOUDHARY,BJP,HOSHANGABAD,53500,0.0053,1,40000,20.0,1,13500,200.0,0,0,0,0,0,0,0,0,0,0,0,0
3425,RADHESHYAM RATHIYA,BJP,RAIGARH (ST),50000,0.005,2,50000,6.856,0,0,0,0,0,0,0,0,0,0,0,0,0,0,0
8097,PRIYA SAROJ,SP,MACHHLISHAHR (SC),32000,0.0032,1,32000,5.0,0,0,0,0,0,0,0,0,0,0,0,0,0,0,0
344,DR. RICKY ANDREW J. SYNGKON,Voice of the People Party,SHILLONG (ST),12000,0.0012,1,12000,10.0,0,0,0,0,0,0,0,0,0,0,0,0,0,0,0
1120,BALWANT BASWANT WANKHADE,INC,AMRAVATI (SC),0,0.0,3,0,95.0,0,0,0,0,0,0,0,0,0,0,0,0,0,0,0
2303,E.T. MOHAMMED BASHEER,Indian Union Muslim League,MALAPPURAM,0,0.0,1,0,0,0,0,0,0,0,0,0,0,0,0,0,0,0,0,0
8561,SANJAY SETH,BJP,RANCHI,0,0.0,2,0,630.0,0,0,0,0,0,0,0,0,0,0,0,0,0,0,0
